Product Collection,Marketing Status,Launch Date,Vertical Segment,Cable Medium,Cabling Type,Bracket Height,Supported Operating Systems,New Design Availability Expiration Date,Recommended Customer Price,Datasheet,Product Brief,Port Configuration,Data Rate Per Port,Intel® Virtualization Technology for Connectivity (VT-c),Speed & Slot Width,Controller,System Interface Type,On-chip QoS and Traffic Management,Flexible Port Partitioning,Virtual Machine Device Queues (VMDq),PCI-SIG* SR-IOV Capable,iWARP/RDMA,RoCEv2/RDMA,Intel® Data Direct I/O Technology,Intelligent Offloads,Storage Over Ethernet,Description,Use Conditions,Code Name,Expected Discontinuance,Lithography,Operating Temperature Range,Max Operating Temperature,Minimum Operating Temperature,Embedded Options Available,NC Sideband Interface,Jumbo Frames Supported,Package Size,Fiber Channel over Ethernet,MACsec IEEE 802_1 AE,IEEE 1588,Supported Under Intel vPro® Technology,Ethernet Controller,Board Form Factor,Intel® Ethernet Power Management,Interfaces Supported,TDP,Maximum Port Bandwidth,Maximum SGMII Ports,Maximum XAUI Ports,Maximum 10G KR Ports,Maximum 40G KR4 Ports,Cut-Through Latency,Frame Processing Rate,Shared Packet Memory Size,Traffic Classes,MAC Table Size,ACL Rules,IPv4/IPv6 Routes,Intel® FlexPipe™ Technology,Advanced Load Balancing,CEE/DCB Features,Server Virtualization Support,Advanced Tunneling Features,Carrier Ethernet Support,CPU Interface,Applications,Extended Temperature Options
100GbE Intel® Ethernet Network Adapter E810,Launched,Q3'22,Server,"Copper, Fiber, SiPh","QSFP28 port - DAC, Optics, AOC's. SiPh",Full Height,View now,"Sunday, January 1, 2040",$901.00-$1026.00,View now,View now,Dual,100/50/25/10GbE,Yes,16 GT/s x16 lanes,Intel Ethernet Controller E810,PCIe 4.0 (16 GT/s),Yes,Yes,Yes,Yes,Yes,Yes,Yes,Yes,"iSCSI, NFS",,,,,,,,,,,,,,,,,,,,,,,,,,,,,,,,,,,,,,,,,,
100GbE Intel® Ethernet Network Adapter E810,Launched,Q1'21,Server,,"QSFP28 - DAC, Optics, and AOC's",Full Height,View now,"Sunday, January 1, 2040",$692.00,View now,View now,Dual,100/50/25/10GbE (200GbE when ports bifurcated),Yes,16 GT/s x 16 lanes,Intel Ethernet Controller E810,PCIe 4.0 (16GT/s),Yes,Yes,Yes,Yes,Yes,Yes,Yes,Yes,"iSCSI, NFS",Up to 200Gbps for bandwidth-intensive workloads.,,,,,,,,,,,,,,,,,,,,,,,,,,,,,,,,,,,,,,,,,
100GbE Intel® Ethernet Network Adapter E810,Launched,Q4'20,Server,,"QSFP28 port - DAC, Optics, and AOC's",Low Profile and Full Height,View now,"Sunday, January 1, 2040",$400.00-$416.00,View now,View now,Single,100/50/25/10GbE,Yes,16 GT/s x 16 lanes,Intel Ethernet Controller E810,PCIe 4.0 (16 GT/s),Yes,Yes,Yes,Yes,Yes,Yes,Yes,Yes,"iSCSI, NFS",,,,,,,,,,,,,,,,,,,,,,,,,,,,,,,,,,,,,,,,,,
100GbE Intel® Ethernet Network Adapter E810,Discontinued,Q4'20,Server,,QSFP28 port - DAC,OCP 2.0,View now,"Sunday, January 1, 2040",,View now,View now,Single,100/50/25/10GbE,Yes,16 GT/s x 16 lanes,Intel Ethernet Controller E810,PCIe 3.0 (8 GT/s),Yes,Yes,Yes,Yes,Yes,Yes,Yes,Yes,"iSCSI, NFS",Efficient workload-optimized performance at Ethernet speeds of 1 to 100Gbps,,,,,,,,,,,,,,,,,,,,,,,,,,,,,,,,,,,,,,,,,
100GbE Intel® Ethernet Network Adapter E810,Launched,Q1'21,Server,,"QSFP28 port - DAC, Optics, AOC's",OCP 3.0,View now,"Sunday, January 1, 2040",$416.00,View now,View now,Single,100/50/25/10GbE,Yes,16 GT/s x 16 lanes,Intel Ethernet Controller E810,PCIe 4.0 (16 GT/s),Yes,Yes,Yes,Yes,Yes,Yes,Yes,Yes,"iSCSI, NFS",,,,,,,,,,,,,,,,,,,,,,,,,,,,,,,,,,,,,,,,,,
100GbE Intel® Ethernet Network Adapter E810,Launched,Q3'20,Server,"Copper, Fiber","QSFP28 ports - DAC, Optics, and AOC's",Low Profile and Full Height,View now,"Sunday, January 1, 2040",$557.00-$580.00,View now,View now,Dual,100/50/25/10GbE,Yes,16 GT/s x16 lanes,Intel Ethernet Controller E810,PCIe 4.0 (16 GT/s),Yes,Yes,Yes,Yes,Yes,Yes,Yes,Yes,"iSCSI, NFS",,,,,,,,,,,,,,,,,,,,,,,,,,,,,,,,,,,,,,,,,,
100GbE Intel® Ethernet Network Adapter E810,Launched,Q3'20,Server,,"QSFP28 ports - DAC, Optics, AOC's",OCP 3.0,View now,"Sunday, January 1, 2040",$579.00,View now,View now,Dual,100/50/25/10GbE,Yes,16 GT/s x 16 lanes,Intel Ethernet Controller E810,PCIe 4.0 (16 GT/s),Yes,Yes,Yes,Yes,Yes,Yes,Yes,Yes,"iSCSI, NFS",,,,,,,,,,,,,,,,,,,,,,,,,,,,,,,,,,,,,,,,,,
25GbE Intel® Ethernet Network Adapter E810,Launched,Q1'22,Server,"Copper, Fiber","SFP28 ports - DAC, Optics, and AOCs",Full Height,View now,"Sunday, January 1, 2040",$1078.00-$1203.00,View now,View now,Quad,25/10/1GbE,Yes,16 GT/s x16 lanes,Intel Ethernet Controller E810,PCIe 4.0 (16 GT/s),Yes,Yes,Yes,Yes,Yes,Yes,Yes,Yes,"iSCSI, NFS",,Communications Commercial Temp,,,,,,,,,,,,,,,,,,,,,,,,,,,,,,,,,,,,,,,,
25GbE Intel® Ethernet Network Adapter E810,Launched,Q3'21,Server,"Copper, Fiber","SFP28 ports - DAC, Optics, And AOC's",OCP 3.0,View now,"Sunday, January 1, 2040",$579.00,View now,View now,Quad,25/10/1GbE,Yes,16 GT/s x16 lanes,Intel Ethernet Controller E810,PCIe 4.0 (16 GT/s),Yes,Yes,Yes,Yes,Yes,Yes,Yes,Yes,"iSCSI, NFS",,,,,,,,,,,,,,,,,,,,,,,,,,,,,,,,,,,,,,,,,,
25GbE Intel® Ethernet Network Adapter E810,Launched,Q3'20,Server,"Copper, Fiber","SFP28 ports - DAC, Optics, and AOC's",Low Profile and Full Height,View now,"Sunday, January 1, 2040",$209.00-$216.00,View now,View now,Dual,25/10/1GbE,Yes,16 GT/s x8 lanes,Intel Ethernet Controller E810,PCIe 4.0 (16 GT/s),Yes,Yes,Yes,Yes,Yes,Yes,Yes,Yes,"iSCSI, NFS",,,,,,,,,,,,,,,,,,,,,,,,,,,,,,,,,,,,,,,,,,
25GbE Intel® Ethernet Network Adapter E810,Launched,Q3'20,Server,"Copper, Fiber","SFP28 ports - DAC, Optics, And AOC's",OCP 3.0,View now,"Sunday, January 1, 2040",$209.00-$216.00,View now,View now,Dual,25/10/1GbE,Yes,16 GT/s x8 lanes,Intel Ethernet Controller E810,PCIe 4.0 (16 GT/s),Yes,Yes,Yes,Yes,Yes,Yes,Yes,Yes,"iSCSI, NFS",,,,,,,,,,,,,,,,,,,,,,,,,,,,,,,,,,,,,,,,,,
25GbE Intel® Ethernet Network Adapter E810,Launched,Q3'20,Server,"Copper, Fiber","SFP28 ports - DAC, Optics, and AOC's",Full Height,View now,"Sunday, January 1, 2040",$557.00-$580.00,View now,View now,Quad,25/10/1GbE,Yes,16 GT/s x16 lanes,Intel Ethernet Controller E810,PCIe 4.0 (16 GT/s),Yes,Yes,Yes,Yes,Yes,Yes,Yes,Yes,"iSCSI, NFS",,,,,,,,,,,,,,,,,,,,,,,,,,,,,,,,,,,,,,,,,,
100GbE Intel® Ethernet Network Adapter E810,Launched,Q3'22,Server,"Copper, Fiber, SiPh","QSFP28 port - DAC, Optics, AOC's. SiPh",Full Height,View now,"Sunday, January 1, 2040",$901.00-$1026.00,View now,View now,Dual,100/50/25/10GbE,Yes,16 GT/s x16 lanes,Intel Ethernet Controller E810,PCIe 4.0 (16 GT/s),Yes,Yes,Yes,Yes,Yes,Yes,Yes,Yes,"iSCSI, NFS",,,,,,,,,,,,,,,,,,,,,,,,,,,,,,,,,,,,,,,,,,
100GbE Intel® Ethernet Network Adapter E810,Launched,Q1'21,Server,,"QSFP28 - DAC, Optics, and AOC's",Full Height,View now,"Sunday, January 1, 2040",$692.00,View now,View now,Dual,100/50/25/10GbE (200GbE when ports bifurcated),Yes,16 GT/s x 16 lanes,Intel Ethernet Controller E810,PCIe 4.0 (16GT/s),Yes,Yes,Yes,Yes,Yes,Yes,Yes,Yes,"iSCSI, NFS",Up to 200Gbps for bandwidth-intensive workloads.,,,,,,,,,,,,,,,,,,,,,,,,,,,,,,,,,,,,,,,,,
100GbE Intel® Ethernet Network Adapter E810,Launched,Q4'20,Server,,"QSFP28 port - DAC, Optics, and AOC's",Low Profile and Full Height,View now,"Sunday, January 1, 2040",$400.00-$416.00,View now,View now,Single,100/50/25/10GbE,Yes,16 GT/s x 16 lanes,Intel Ethernet Controller E810,PCIe 4.0 (16 GT/s),Yes,Yes,Yes,Yes,Yes,Yes,Yes,Yes,"iSCSI, NFS",,,,,,,,,,,,,,,,,,,,,,,,,,,,,,,,,,,,,,,,,,
100GbE Intel® Ethernet Network Adapter E810,Discontinued,Q4'20,Server,,QSFP28 port - DAC,OCP 2.0,View now,"Sunday, January 1, 2040",,View now,View now,Single,100/50/25/10GbE,Yes,16 GT/s x 16 lanes,Intel Ethernet Controller E810,PCIe 3.0 (8 GT/s),Yes,Yes,Yes,Yes,Yes,Yes,Yes,Yes,"iSCSI, NFS",Efficient workload-optimized performance at Ethernet speeds of 1 to 100Gbps,,,,,,,,,,,,,,,,,,,,,,,,,,,,,,,,,,,,,,,,,
100GbE Intel® Ethernet Network Adapter E810,Launched,Q3'22,Server,"Copper, Fiber, SiPh","QSFP28 port - DAC, Optics, AOC's. SiPh",Full Height,View now,"Sunday, January 1, 2040",$901.00-$1026.00,View now,View now,Dual,100/50/25/10GbE,Yes,16 GT/s x16 lanes,Intel Ethernet Controller E810,PCIe 4.0 (16 GT/s),Yes,Yes,Yes,Yes,Yes,Yes,Yes,Yes,"iSCSI, NFS",,,,,,,,,,,,,,,,,,,,,,,,,,,,,,,,,,,,,,,,,,
100GbE Intel® Ethernet Network Adapter E810,Launched,Q1'21,Server,,"QSFP28 - DAC, Optics, and AOC's",Full Height,View now,"Sunday, January 1, 2040",$692.00,View now,View now,Dual,100/50/25/10GbE (200GbE when ports bifurcated),Yes,16 GT/s x 16 lanes,Intel Ethernet Controller E810,PCIe 4.0 (16GT/s),Yes,Yes,Yes,Yes,Yes,Yes,Yes,Yes,"iSCSI, NFS",Up to 200Gbps for bandwidth-intensive workloads.,,,,,,,,,,,,,,,,,,,,,,,,,,,,,,,,,,,,,,,,,
100GbE Intel® Ethernet Network Adapter E810,Launched,Q4'20,Server,,"QSFP28 port - DAC, Optics, and AOC's",Low Profile and Full Height,View now,"Sunday, January 1, 2040",$400.00-$416.00,View now,View now,Single,100/50/25/10GbE,Yes,16 GT/s x 16 lanes,Intel Ethernet Controller E810,PCIe 4.0 (16 GT/s),Yes,Yes,Yes,Yes,Yes,Yes,Yes,Yes,"iSCSI, NFS",,,,,,,,,,,,,,,,,,,,,,,,,,,,,,,,,,,,,,,,,,
100GbE Intel® Ethernet Network Adapter E810,Discontinued,Q4'20,Server,,QSFP28 port - DAC,OCP 2.0,View now,"Sunday, January 1, 2040",,View now,View now,Single,100/50/25/10GbE,Yes,16 GT/s x 16 lanes,Intel Ethernet Controller E810,PCIe 3.0 (8 GT/s),Yes,Yes,Yes,Yes,Yes,Yes,Yes,Yes,"iSCSI, NFS",Efficient workload-optimized performance at Ethernet speeds of 1 to 100Gbps,,,,,,,,,,,,,,,,,,,,,,,,,,,,,,,,,,,,,,,,,
100GbE Intel® Ethernet Network Adapter E810,Launched,Q1'21,Server,,"QSFP28 port - DAC, Optics, AOC's",OCP 3.0,View now,"Sunday, January 1, 2040",$416.00,View now,View now,Single,100/50/25/10GbE,Yes,16 GT/s x 16 lanes,Intel Ethernet Controller E810,PCIe 4.0 (16 GT/s),Yes,Yes,Yes,Yes,Yes,Yes,Yes,Yes,"iSCSI, NFS",,,,,,,,,,,,,,,,,,,,,,,,,,,,,,,,,,,,,,,,,,
100GbE Intel® Ethernet Network Adapter E810,Launched,Q3'20,Server,"Copper, Fiber","QSFP28 ports - DAC, Optics, and AOC's",Low Profile and Full Height,View now,"Sunday, January 1, 2040",$557.00-$580.00,View now,View now,Dual,100/50/25/10GbE,Yes,16 GT/s x16 lanes,Intel Ethernet Controller E810,PCIe 4.0 (16 GT/s),Yes,Yes,Yes,Yes,Yes,Yes,Yes,Yes,"iSCSI, NFS",,,,,,,,,,,,,,,,,,,,,,,,,,,,,,,,,,,,,,,,,,
100GbE Intel® Ethernet Network Adapter E810,Launched,Q3'20,Server,,"QSFP28 ports - DAC, Optics, AOC's",OCP 3.0,View now,"Sunday, January 1, 2040",$579.00,View now,View now,Dual,100/50/25/10GbE,Yes,16 GT/s x 16 lanes,Intel Ethernet Controller E810,PCIe 4.0 (16 GT/s),Yes,Yes,Yes,Yes,Yes,Yes,Yes,Yes,"iSCSI, NFS",,,,,,,,,,,,,,,,,,,,,,,,,,,,,,,,,,,,,,,,,,
25GbE Intel® Ethernet Network Adapter E810,Launched,Q1'22,Server,"Copper, Fiber","SFP28 ports - DAC, Optics, and AOCs",Full Height,View now,"Sunday, January 1, 2040",$1078.00-$1203.00,View now,View now,Quad,25/10/1GbE,Yes,16 GT/s x16 lanes,Intel Ethernet Controller E810,PCIe 4.0 (16 GT/s),Yes,Yes,Yes,Yes,Yes,Yes,Yes,Yes,"iSCSI, NFS",,Communications Commercial Temp,,,,,,,,,,,,,,,,,,,,,,,,,,,,,,,,,,,,,,,,
25GbE Intel® Ethernet Network Adapter E810,Launched,Q3'21,Server,"Copper, Fiber","SFP28 ports - DAC, Optics, And AOC's",OCP 3.0,View now,"Sunday, January 1, 2040",$579.00,View now,View now,Quad,25/10/1GbE,Yes,16 GT/s x16 lanes,Intel Ethernet Controller E810,PCIe 4.0 (16 GT/s),Yes,Yes,Yes,Yes,Yes,Yes,Yes,Yes,"iSCSI, NFS",,,,,,,,,,,,,,,,,,,,,,,,,,,,,,,,,,,,,,,,,,
25GbE Intel® Ethernet Network Adapter E810,Launched,Q3'20,Server,"Copper, Fiber","SFP28 ports - DAC, Optics, and AOC's",Low Profile and Full Height,View now,"Sunday, January 1, 2040",$209.00-$216.00,View now,View now,Dual,25/10/1GbE,Yes,16 GT/s x8 lanes,Intel Ethernet Controller E810,PCIe 4.0 (16 GT/s),Yes,Yes,Yes,Yes,Yes,Yes,Yes,Yes,"iSCSI, NFS",,,,,,,,,,,,,,,,,,,,,,,,,,,,,,,,,,,,,,,,,,
25GbE Intel® Ethernet Network Adapter E810,Launched,Q3'20,Server,"Copper, Fiber","SFP28 ports - DAC, Optics, And AOC's",OCP 3.0,View now,"Sunday, January 1, 2040",$209.00-$216.00,View now,View now,Dual,25/10/1GbE,Yes,16 GT/s x8 lanes,Intel Ethernet Controller E810,PCIe 4.0 (16 GT/s),Yes,Yes,Yes,Yes,Yes,Yes,Yes,Yes,"iSCSI, NFS",,,,,,,,,,,,,,,,,,,,,,,,,,,,,,,,,,,,,,,,,,
25GbE Intel® Ethernet Network Adapter E810,Launched,Q3'20,Server,"Copper, Fiber","SFP28 ports - DAC, Optics, and AOC's",Full Height,View now,"Sunday, January 1, 2040",$557.00-$580.00,View now,View now,Quad,25/10/1GbE,Yes,16 GT/s x16 lanes,Intel Ethernet Controller E810,PCIe 4.0 (16 GT/s),Yes,Yes,Yes,Yes,Yes,Yes,Yes,Yes,"iSCSI, NFS",,,,,,,,,,,,,,,,,,,,,,,,,,,,,,,,,,,,,,,,,,
Intel® Ethernet Controller E810,Launched,Q3'20,,,,,View now,,$142.80,View now,View now,Dual,25Gb/s,,,,PCIe 4.0/3.0,Yes,Yes,Yes,Yes,Yes,Yes,Yes,,SMB Direct,,,Products formerly Columbiaville,1H'31,16 nm,0 °C to 85 °C,85 °C,0 °C,No,Yes,Yes,21x21mm,No,No,Yes,No,,,,,,,,,,,,,,,,,,,,,,,,,,
Intel® Ethernet Controller E810,Launched,Q3'20,,,,,View now,,$330.00,View now,View now,Single,100Gb/s,,PCIe 3.0/4.0 x16,,PCIe 4.0/3.0,Yes,Yes,Yes,Yes,Yes,Yes,Yes,Yes,SMB Direct,"Ethernet Controller, 100GbE bandwidth, up to 1x100GbE connection and 2x50GbE, 4x25GbE, 4x10GbE connections",,Products formerly Columbiaville,1H'31,16 nm,0 °C to 85 °C,85 °C,0 °C,No,Yes,Yes,25x25mm,No,No,Yes,No,,,,,,,,,,,,,,,,,,,,,,,,,,
Intel® Ethernet Controller E810,Launched,Q3'20,,,,,View now,,$375.00,View now,View now,Dual,100Gb/s,,PCIe 3.0/4.0 x16,,PCIe 4.0/3.0,Yes,Yes,Yes,Yes,Yes,Yes,Yes,Yes,SMB Direct,"Ethernet Controller, 100GbE bandwidth, up to 2x100GbE connection and 2x50GbE, 4x25GbE, 4x10GbE and 8x10GbE connections",,Products formerly Columbiaville,1H'31,16 nm,0 °C to 85 °C,85 °C,0 °C,No,Yes,Yes,25x25mm,No,No,Yes,No,,,,,,,,,,,,,,,,,,,,,,,,,,
Intel® Ethernet Network Adapter I710,Discontinued,Q2'22,Server,Copper,"RJ45 Category 6, Category 6A, Category 5e up to 100m",Low profile and Full Height,View now,"Monday, June 3, 2030",,,View now,Quad,1GbE/100Mb,Yes,"8.0 GT/s, x 8 Lane",Intel® Ethernet Controller  X710-TM4,PCIe 3.0 (8.0 GT/s),Yes,Yes,Yes,Yes,No,,Yes,Yes,"iSCSI, NFS",,,,,,,,,,,,,,,,,,,,,,,,,,,,,,,,,,,,,,,,,,
Intel® Ethernet Network Adapter I710,Discontinued,Q2'22,Server,Copper,"RJ45 Category 6, Category 6A, Category 5e up to 100m",OCP 3.0,View now,"Monday, June 3, 2030",,,View now,Quad,1GbE/100Mb,Yes,"8.0 GT/s, x 8 Lane",Intel® Ethernet Controller  X710-TM4,PCIe 3.0 (8.0 GT/s),Yes,Yes,Yes,Yes,No,,Yes,Yes,"iSCSI, NFS",,,,,,,,,,,,,,,,,,,,,,,,,,,,,,,,,,,,,,,,,,
Intel® Ethernet Network Adapter XXV710,Discontinued,Q3'20,Server,"Copper, Fiber",SFP28 Direct Attach twinaxial cabling up to 5m / SFP28 SR & LR Optics also supported,Low Profile and Full Height,View now,,,,View now,Dual,25/10/1GbE,Yes,"8.0 GT/s, x8 lanes",Intel® Ethernet Controller XL710-BM2,PCIe 3.0 (8.0 GT/s),Yes,Yes,Yes,Yes,No,No,Yes,Yes,"iSCSI, NFS",,,Products formerly Edgewater Channel,04/07/2022,,,,,,,,,,,,,Intel® Ethernet Controller XL710-BM2,PCIe,,,,,,,,,,,,,,,,,,,,,,,,
Intel® Ethernet Network Adapter XXV710,Launched,Q4'17,Server,"Copper, Fiber",SFP28 Direct Attach twinaxial cabling up to 5m / SFP28 SR Optics also supported (extended temp ONLY),OCP form factor (Mezz 2.0 Type 1 and Type 2 Design Spec),View now,"Wednesday, January 1, 2025",,,View now,Dual,25/10/1GbE,Yes,"8.0 GT/s, x8 lanes",,PCIe 3.0 (8.0 GT/s),Yes,Yes,Yes,Yes,No,,Yes,Yes,"iSCSI, NFS",,,,,,,,,,,,,,,,,,OCP,,,,,,,,,,,,,,,,,,,,,,,,
Intel® Ethernet Network Adapter XXV710,Discontinued,Q1'17,Server,Copper,SFP28 Direct Attach twinaxial cabling up to 5m / SFP28 SR and LR Optics also supported,Low Profile and Full Height,View now,"Thursday, February 24, 2022",,,View now,Single,25/10/1GbE,Yes,"8.0 GT/s, x8 lanes",,PCIe 3.0 (8.0 GT/s),Yes,Yes,Yes,Yes,No,,Yes,Yes,"iSCSI, NFS",,,,,,,,,,,,,,,,,,,,,,,,,,,,,,,,,,,,,,,,,,
Intel® Ethernet Network Adapter XXV710,Discontinued,Q1'17,Server,Copper,SFP28 Direct Attach twinaxial cabling up to 5m / SFP28 SR Optics also supported,OCP form factor (Mezz 2.0 Type 1 Design Spec),View now,"Thursday, February 24, 2022",,,View now,Single,25/10/1GbE,Yes,"8.0 GT/s, x8 lanes",,PCIe 3.0 (8.0 GT/s),Yes,Yes,Yes,Yes,No,,Yes,Yes,"iSCSI, NFS",,,,,,,,,,,,,,,,,,OCP,,,,,,,,,,,,,,,,,,,,,,,,
Intel® Ethernet Network Adapter XXV710,Launched,Q1'17,Server,"Copper, Fiber",SFP28 Direct Attach twinaxial cabling up to 5m / SFP28 SR & LR Optics also supported,Low Profile and Full Height,View now,"Friday, February 24, 2040",$332.00-$345.00,,View now,Dual,25/10/1GbE,Yes,"8.0 GT/s, x8 lanes",,PCIe 3.0 (8.0 GT/s),Yes,Yes,Yes,Yes,No,No,Yes,Yes,"iSCSI, NFS",,,,,,,,,,,,,,,,,,,,,,,,,,,,,,,,,,,,,,,,,,
Intel® Ethernet Server Adapter XL710,Discontinued,Q3'16,Server,Copper,QSFP+ Direct Attach Copper Cable (Twinaxial)(1-7m)  / 40GBASE-SR4 Optics also supported (Purchase Intel branded optics separately),OCP form factor (Mezz 2.0 Design Spec),View now,"Sunday, August 1, 2021",,,View now,Single,40/10GbE,Yes,8.0 GT/s x8 lanes,Intel® Ethernet Controller XL710,PCIe 3.0 (8.0 GT/s),Yes,Yes,Yes,Yes,No,,Yes,Yes,"iSCSI, NFS",,,,,,,,,,,,,,,,,,,,,,,,,,,,,,,,,,,,,,,,,,
Intel® Ethernet Server Adapter XL710,Launched,Q3'16,Server,Copper,QSFP+ Direct Attach Copper Cable (Twinaxial)(1-7m)  / 40GBASE-SR4 Optics also supported (Purchase Intel branded optics separately),OCP form factor (Mezz 2.0 Design Spec),View now,"Thursday, January 2, 2025",$509.00,,View now,Dual,40/10GbE,Yes,8.0 GT/s x8 lanes,Intel® Ethernet Controller XL710,PCIe 3.0 (8.0 GT/s),Yes,Yes,Yes,Yes,No,,Yes,Yes,"iSCSI, NFS",,,,,,,,,,,,,,,,,,,,,,,,,,,,,,,,,,,,,,,,,,
Intel® Ethernet Server Adapter XL710,Discontinued,Q3'14,Server,Copper,QSFP+ Direct Attach Twinaxial Cabling up to 10m,Low Profile and Full Height,View now,"Monday, November 1, 2021",,,View now,Single,40/10GbE,Yes,"8.0 GT/s, x8 lanes",Intel® Ethernet Controller XL710,PCIe 3.0 (8.0 GT/s),Yes,Yes,Yes,Yes,No,,Yes,Yes,"iSCSI, NFS",,,Products formerly Fortville,,,,,,,,,,,,,,,,,,,,,,,,,,,,,,,,,,,,,,,
Intel® Ethernet Server Adapter XL710,Launched,Q4'14,Server,Copper,QSFP+ Direct Attach Cabling up to 10m,Low Profile and Full Height,View now,"Wednesday, October 1, 2025",,,View now,Dual,40/10GbE,Yes,"8.0 GT/s, x 8 Lane",Intel® Ethernet Controller XL710,PCIe 3.0 (8.0 GT/s),Yes,Yes,Yes,Yes,No,,Yes,Yes,"iSCSI, NFS",,,Products formerly Fortville,,,,,,,,,,,,,,,,,,,,,,,,,,,,,,,,,,,,,,,
Intel® Ethernet Network Adapter X710,Launched,Q3'20,Server,Copper,"RJ45 Category 6, Category 6A, Category 5e up to 100m",OCP 3.0,View now,"Monday, June 3, 2030",$521.00,,View now,Quad,10GbE/5GbE/2.5GbE/1GbE/100Mb,Yes,"8.0 GT/s, x 8 Lane",Intel® Ethernet Controller  X710-TM4,PCIe 3.0 (8.0 GT/s),Yes,Yes,Yes,Yes,No,,Yes,Yes,"iSCSI, NFS",,,,,,,,,,,,,,,,,,,,,,,,,,,,,,,,,,,,,,,,,,
Intel® Ethernet Network Adapter X710,Launched,Q2'20,Server,Copper,"RJ45 Category 6, Category 6A, Category 5e up to 100m",OCP 3.0,View now,"Wednesday, May 1, 2030",$248.00,,View now,Dual,10GbE/5Gbe/2.5GbE/1GbE/100Mb,Yes,8.0GT/s x 8 Lane,Intel(R) Ethernet Controller X710-AT2,PCIe 3.0 (8.0 GT/s),Yes,Yes,Yes,Yes,No,,Yes,Yes,"iSCSI, NFS",,,,,,,,,,,,,,,,,,,,,,,,,,,,,,,,,,,,,,,,,,
Intel® Ethernet Network Adapter X710,Launched,Q3'20,Server,Copper,"RJ45 Category 6, Category 6A, Category 5e up to 100m",Low Profile and Full Height,View now,"Monday, June 3, 2030",$503.00-$521.00,,View now,Quad,10GbE/5GbE/2.5GbE/1GbE/100Mb,Yes,"8.0 GT/s, x 8 Lane",Intel® Ethernet Controller  X710-TM4,PCIe 3.0 (8.0 GT/s),Yes,Yes,Yes,Yes,No,,Yes,Yes,"iSCSI, NFS",,,,,,,,,,,,,,,,,,,,,,,,,,,,,,,,,,,,,,,,,,
Intel® Ethernet Network Adapter X710,Launched,Q4'19,Server,Copper,SFP+ Direct Attach Copper 10GBASE-SR and 10GBASE-LR Physical Media,OCP 3.0,View now,"Wednesday, May 1, 2030",,,View now,Dual,10/1GbE,Yes,8.0GT/s x8 lanes,Intel(R) Ethernet Controller X710,PCIe 3.0 (8.0 GT/s),Yes,Yes,Yes,Yes,No,No,Yes,Yes,"iSCSI, NFS",,,,,,,,,,,,,,,,,,,,,,,,,,,,,,,,,,,,,,,,,,
Intel® Ethernet Network Adapter X710,Launched,Q4'19,Server,Copper,SFP+ Direct Attach Copper   10GBASE-SR and 10GBASE-LR Physical Media,OCP 3.0,View now,,,,View now,Quad,10/1GbE,Yes,8.0GT/s x8 lanes,Intel(R) Ethernet Controller XL710-BM1,PCIe 3.0 (8.0 GT/s),Yes,Yes,Yes,Yes,No,,Yes,Yes,"iSCSI, NFS",,,,,,,,,,,,,,,,,,,Yes,,,,,,,,,,,,,,,,,,,,,,,
Intel® Ethernet Network Adapter X710,Launched,Q3'19,Server,Copper,"RJ45 Category 6, Category 6A, Category 5e up to 100m",Low Profile and Full Height,View now,"Wednesday, December 31, 2025",$238.00-$248.00,,View now,Dual,10GbE/5GbE/2.5GbE/1GbE/100Mb,Yes,"8.0 GT/s, x 8 Lane",Intel® Ethernet Controller X710-AT2,PCIe 3.0 (8.0 GT/s),Yes,Yes,Yes,Yes,No,,Yes,Yes,"iSCSI, NFS",,,,,,,,,,,,,,,,,,,,,,,,,,,,,,,,,,,,,,,,,,
Intel® Ethernet Network Adapter X710,Launched,Q2'17,Server,Copper,SFP+ Direct Attach Copper10GBASE-SR and 10GBASE-LR Physical Media,OCP 2.0,View now,"Wednesday, January 1, 2025",,,View now,Dual,10/1GbE,Yes,"8.0 GT/s, x8 lanes",Intel® Ethernet Controller X710,PCIe 3.0 (8.0 GT/s),Yes,Yes,Yes,Yes,No,,Yes,Yes,"iSCSI, NFS",,,,,,,,,,,,,,,,,,,,,,,,,,,,,,,,,,,,,,,,,,
Intel® Ethernet Network Adapter X710,Launched,Q4'16,Server,Copper,RJ45 Category 6 up to 55m; Category 6A up to 100m,Low Profile and Full Height,View now,"Tuesday, January 1, 2030",,,View now,Quad,10GbE/1GbE/100Mb,Yes,"8.0 GT/s, x 8 Lane",Intel® Ethernet Controller XL710,PCIe 3.0 (8.0 GT/s),Yes,Yes,Yes,Yes,No,,Yes,Yes,"iSCSI, NFS",,,,,,,,,,,,,,,,,,,,,,,,,,,,,,,,,,,,,,,,,,
Intel® Ethernet Network Adapter X710,Launched,Q4'14,Server,Copper,SFP+ Direct Attached Twinaxial Cabling up to 10m,Low Profile and Full Height,View now,,$216.00-$224.00,,View now,Dual,10/1GbE,Yes,"8.0 GT/s, x8 lanes",Intel® Ethernet Controller X710,PCIe 3.0 (8.0 GT/s),Yes,Yes,Yes,Yes,No,,Yes,Yes,"iSCSI, NFS",,,Products formerly Fortville,,,,,,,,,,,,,,,,Yes,,,,,,,,,,,,,,,,,,,,,,,
Intel® Ethernet Network Adapter X710,Launched,Q4'14,Server,Copper,SFP+ Direct Attached Twin Axial Cabling up to 10m,Full Height,View now,"Tuesday, October 1, 2030",$388.00-$402.00,,View now,Quad,10/1GbE,Yes,"8.0 GT/s, x 8 Lane",Intel® Ethernet Controller XL710-BM1,PCIe 3.0 (8.0 GT/s),Yes,Yes,Yes,Yes,No,,Yes,Yes,iSCSI NFS,,,Products formerly Fortville,,,,,,,,,,,,,,,,Yes,,,,,,,,,,,,,,,,,,,,,,,
Intel® Ethernet Controller XXV710,Discontinued,Q3'17,,,,,View now,"Saturday, January 1, 2022",,View now,View now,Single,25/10/1GbE,,,,PCIe v3.0 (8.0 GT/s),Yes,Yes,Yes,Yes,,,Yes,Yes,"iSCSI, NFS",See PCN 118592 for EOL timelines.,,Products formerly Fortville,LOD: Jan/22/2022; LSD: April/22/2022,28 nm,0°C to 50°C,50 °C,0 °C,,Yes,Yes,"25mm x 25mm, FC-BGA",No,,Yes,,,,Yes,"SFI, KR, KR4, XAUI, KX, KX4, SGMII",,,,,,,,,,,,,,,,,,,,,,
Intel® Ethernet Controller XXV710,Launched,Q3'17,,,,,View now,"Wednesday, January 1, 2025",$165.00,View now,View now,Dual,25/10/1GbE,,,FTXXV710-AM2,PCIe v3.0 (8.0 GT/s),Yes,Yes,Yes,Yes,,,Yes,Yes,"iSCSI, NFS",Dual Port 25GbE or 2x25GbE Ethernet Controller,,Products formerly Fortville,1H'31,28 nm,0°C to 50°C,50 °C,0 °C,,Yes,Yes,25mm X 25mm,No,,Yes,,,,Yes,"SFI, KR, KR4, XAUI, KX, KX4, SGMII",,,,,,,,,,,,,,,,,,,,,,
Intel® Ethernet Controller XL710,Discontinued,Q3'14,,,,,View now,"Sunday, September 8, 2019",,View now,View now,Single,1GbE/10GbE/40GbE,,,FTXL710-AM1,PCIe v3.0 (8.0 GT/s),Yes,Yes,Yes,Yes,,,Yes,Yes,"iSCSI, NFS",Single Port 40 GbE or 4x10GbE Ethernet Controller,,Products formerly Fortville,See Published PCN for EOL Details,28 nm,0°C to 55°C,55 °C,0 °C,,Yes,Yes,25mm x 25mm,No,,Yes,,,,Yes,"SFI, KR, KR4, XAUI, KX, KX4, SGMII",7 W,,,,,,,,,,,,,,,,,,,,,
Intel® Ethernet Controller XL710,Discontinued,Q3'14,,,,,View now,"Sunday, September 8, 2019",,View now,View now,Dual,1GbE/10GbE/40GbE,,,FTXL710-AM2,PCIe v3.0 (8.0 GT/s),Yes,Yes,Yes,Yes,,,Yes,Yes,"iSCSI, NFS",Dual Port 40 GbE or 4x10GbE Ethernet Controller,,Products formerly Fortville,See Published PCN for EOL Details,28 nm,0°C to 55°C,55 °C,0 °C,,Yes,Yes,25mm x 25mm,No,,Yes,,,,Yes,"SFI, KR, KR4, XAUI, KX, KX4, SGMII",7 W,,,,,,,,,,,,,,,,,,,,,
Intel® Ethernet Controller XL710,Launched,Q4'15,,,,,View now,"Wednesday, January 1, 2025",$195.00,View now,View now,Single,40/10/1GbE,,,,PCIe v3.0 (8.0 GT/s),Yes,Yes,Yes,Yes,,,Yes,Yes,"iSCSI, NFS",Single Port 40GbE or 4x10GbE Ethernet Controller,,Products formerly Fortville,1H'30,28 nm,0°C to 55°C,55 °C,0 °C,,Yes,Yes,25mm x 25mm,No,,Yes,,,,Yes,"SFI, KR, KR4, XAUI, KX, KX4, SGMII",7 W,,,,,,,,,,,,,,,,,,,,,
Intel® Ethernet Controller XL710,Launched,Q4'15,,,,,View now,"Wednesday, January 1, 2025",$220.80,View now,View now,Dual,40/10/1GbE,,,,PCIe v3.0 (8.0 GT/s),Yes,Yes,Yes,Yes,,,Yes,Yes,"iSCSI, NFS",Dual Port 40GbE or 4x10GbE Ethernet Controller,,Products formerly Fortville,1H'30,28 nm,0°C to 55°C,55 °C,0 °C,,Yes,Yes,25mm x 25mm,No,,Yes,,,,Yes,"SFI, KR, KR4, XAUI, KX, KX4, SGMII",7 W,,,,,,,,,,,,,,,,,,,,,
Intel® Ethernet Controller V710,Launched,Q2'20,,,,,View now,,$48.15,,View now,Dual,"5/2.5/1GbE, 100Mb",,,,PCIe 3.0 (8.0 GT/s),Yes,Yes,Yes,Yes,,,Yes,Yes,,"Multiple speed, energy-efficient design for NBASE-T networks and 802.3bz",Server/Enterprise,Products formerly Carlsville,Q2'30,,0°C to 55°C,55 °C,0 °C,No,,Yes,22mm x 22mm,,,,,,,,"NBASE-T, 100BASE-T, 1000BASE-T",9.5 W,,,,,,,,,,,,,,,,,,,,,
Intel® Ethernet Controller X710,Launched,Q3'19,,,,,View now,,$99.51,View now,View now,Dual,"10/5/2.5/1GbE, 100Mb",,,,PCIe 3.0 (8.0 GT/s),Yes,Yes,Yes,Yes,,,Yes,Yes,,,Server/Enterprise,Products formerly Carlsville,1H'30,28 nm,0°C to 50°C,50 °C,0 °C,No,,Yes,22mm x 22mm,,,,,,,,"NBASE-T, 100BASE-T, 1000BASE-T, 10GBASE-T",9.5 W,,,,,,,,,,,,,,,,,,,,,
Intel® Ethernet Controller X710,Launched,Q3'19,,,,,View now,,$209.00,View now,View now,Quad,"10/5/2.5/1GbE, 100Mb",,,,PCIe 3.0 (8.0 GT/s),Yes,Yes,Yes,Yes,,,Yes,Yes,,,"Server/Enterprise, Workstation",Products formerly Carlsville,1H'30,28 nm,0°C to 50°C,50 °C,0 °C,No,,Yes,22mm x 22mm,,,,,,,,"NBASE-T, SFI, KR, 100BASE-T, 1000BASE-T, 10GBASE-T",9.8 W,,,,,,,,,,,,,,,,,,,,,
Intel® Ethernet Controller X710,Discontinued,Q3'14,,,,,View now,"Sunday, September 8, 2019",,View now,View now,Dual,10GbE/1GbE,,,X710-AM2,PCIe v3.0 (8.0 GT/s),Yes,Yes,Yes,Yes,,,Yes,Yes,"iSCSI, NFS",Dual Port 10GbE Ethernet Controller,,Products formerly Fortville,See Published PCN for EOL Details,28 nm,-10°C to 55°C,55 °C,-10 °C,,Yes,Yes,25mm x 25mm,No,,Yes,,,,Yes,"SFI, KR, XAUI, KX, KX4, SGMII",7 W,,,,,,,,,,,,,,,,,,,,,
Intel® Ethernet Controller X710,Launched,Q4'15,,,,,View now,"Wednesday, January 1, 2025",$69.55,View now,View now,Dual,10/1GbE,,,,PCIe v3.0 (8.0 GT/s),Yes,Yes,Yes,Yes,,,Yes,Yes,"iSCSI, NFS",Dual Port 10GbE Ethernet Controller,,Products formerly Fortville,1H'30,28 nm,0°C to 55°C,55 °C,0 °C,,Yes,Yes,25mm x 25mm,No,,Yes,,,,Yes,"SFI, KR, XAUI, KX, KX4, SGMII",7 W,,,,,,,,,,,,,,,,,,,,,
Intel® Ethernet Converged Network Adapter X550,Discontinued,Q1'16,Server,Copper,RJ45 Category 6 up to 55m; Category 6A up to 100m,Low Profile and Full Height,View now,"Thursday, March 25, 2021",,View now,View now,Single,10GbE/5GbE/2.5GbE/1GbE/100Mb,Yes,"8.0 GT/s, x4 Lane",Intel® Ethernet Controller X550,PCIe v3.0 (8.0 GT/s),Yes,Yes,Yes,Yes,No,,Yes,Yes,"iSCSI, FCoE, NFS",NBASE-T support in Linux Only,,,,,,,,,,,,,,,,,,,,,,,,,,,,,,,,,,,,,,,,,
Intel® Ethernet Converged Network Adapter X550,Launched,Q1'16,Server,Copper,RJ45 Category 6 up to 55m; Category 6A up to 100m,Low Profile and Full Height,View now,"Tuesday, January 1, 2030",$294.00,View now,View now,Dual,10GbE/5GbE/2.5GbE/1GbE/100Mb,Yes,"8.0 GT/s, x 4 Lane",Intel® Ethernet Controller X550,PCIe v3.0 (8.0 GT/s),Yes,Yes,Yes,Yes,No,,Yes,Yes,"iSCSI, FCoE, NFS",NBASE-T support in Linux Only,,,,,,,,,,,,,,,,,,,,,,,,,,,,,,,,,,,,,,,,,
Intel® Ethernet Converged Network Adapter X540,Discontinued,Q3'12,Server,Copper,RJ45 Category 6 up to 55m; Category 6A up to 100m,Low Profile and Full Height,View now,"Saturday, July 1, 2017",,,View now,Single,10GbE/1GbE/100Mb,Yes,"5.0 GT/s, x8 Lane",Intel® Ethernet Controller X540,PCIe v2.1 (5.0 GT/s),Yes,Yes,Yes,Yes,No,,Yes,Yes,"iSCSI, FCoE, NFS",,,,,,,,,,,,,,,,,,,,,,,,,,,,,,,,,,,,,,,,,,
Intel® Ethernet Converged Network Adapter X540,Discontinued,Q1'12,Server,Copper,RJ45 Category 6 up to 55 m; Category 6A up to 100 m,Low Profile and Full Height,View now,"Tuesday, December 31, 2019",,,View now,Dual,10GbE/1GbE/100Mb,Yes,"5.0 GT/s, x8 Lane",Intel® Ethernet Controller X540,PCIe v2.1 (5.0 GT/s),Yes,Yes,Yes,Yes,No,,Yes,Yes,"iSCSI, FCoE, NFS",,,,,,,,,,,,,,,,,,,No,,,,,,,,,,,,,,,,,,,,,,,
Intel® Ethernet Server Adapter X520,Discontinued,Q2'14,Server,Copper,QSFP+   Direct Attach Twin Axial Cabling up to 10m,Low Profile and Full Height,,"Monday, May 20, 2019",,,,Single,,Yes,"8.0 GT/s, x 8 Lane",Intel 82599,PCIe v3.0 (8.0 GT/s),Yes,Yes,Yes,Yes,No,,Yes,Yes,"iSCSI, FCoE, NFS",,,,,,,,,,,,,,,,,,,,,20 W,,,,,,,,,,,,,,,,,,,,,
Intel® Ethernet Server Adapter X520,Discontinued,Q3'13,Server,Copper,SFP+ Direct Attached Twin Axial Cabling up to 10m,No bracket,View now,"Thursday, September 27, 2018",,,View now,Single,10/1GbE,Yes,"5.0 GT/s, x8 Lane",Intel 82599,PCIe v2.0 (5.0 GT/s),Yes,Yes,Yes,Yes,No,,Yes,Yes,"iSCSI, NFS",,,Products formerly Niantic,,,,,,,,,,,,,,Intel® 82599 10 Gigabit Ethernet Controller,,Yes,,,,,,,,,,,,,,,,,,,,,,,
Intel® Ethernet Server Adapter X520,Discontinued,Q3'13,Server,Copper,SFP+ Direct Attached Twin Axial Cabling up to 10m,No bracket,View now,"Thursday, September 27, 2018",,,View now,Dual,10/1GbE,Yes,"5.0 GT/s, x8 Lane",Intel 82599,PCIe v2.0 (5.0 GT/s),Yes,Yes,Yes,Yes,No,,Yes,Yes,"iSCSI, NFS",,,Products formerly Niantic,,,,,,,,,,,,,,Intel® 82599 10 Gigabit Ethernet Controller,,Yes,,,,,,,,,,,,,,,,,,,,,,,
Intel® Ethernet Server Adapter X520,Discontinued,Q3'10,Server,Copper,RJ-45 Category-6 up to 55 m; Category-6A up to 100 m,Low Profile and Full Height,"Windows Server 2012 R2*, Windows Server 2012*, Windows 8*, Windows Server 2008 R2*, Windows 7*, Windows Server 2008* SP2, Windows Vista* SP2, Windows Server 2003 R2*, Windows Server 2003* SP2, Linux* Stable Kernel version 3.x, 2.6,x, Red Hat Enterprise Linux* 5, 6, SUSE Linux Enterprise Server* 10, 11, FreeBSD 9*, VMware ESX/ESXi*","Saturday, August 1, 2015",,,,Dual,,Yes,"5.0 GT/s, x8 Lane",Intel 82599EB,PCIe v2.0 (5.0 GT/s),Yes,Yes,Yes,Yes,No,,,Yes,"iSCSI, NFS",,,Products formerly Iron Pond,,,,,,,,,,,,,,Intel® 82599EB 10 Gigabit Ethernet Controller,,No,,19 W,,,,,,,,,,,,,,,,,,,,,
Intel® Ethernet Server Adapter X520,Discontinued,Q3'09,Server,Copper,SFP+ Direct Attached Twin Axial Cabling up to 10m,Low Profile & Full Height,View now,"Saturday, October 1, 2022",,,View now,Dual,10/1GbE,Yes,"5.0 GT/s, x8 Lane",Intel® 82599 10 Gigabit Ethernet Controller,PCIe v2.0 (5.0 GT/s),Yes,Yes,Yes,Yes,No,,Yes,Yes,"iSCSI, FCoE, NFS",,,Products formerly Spring Fountain,,,,,,,,,,,,,,,,Yes,,,,,,,,,,,,,,,,,,,,,,,
Intel® Ethernet Server Adapter X520,Discontinued,Q3'09,Server,Fiber,SMF up to 10km,Low Profile & Full Height,View now,"Friday, August 1, 2014",,,View now,Single,10/1GbE,Yes,"5.0 GT/s, x8 Lane",Intel® 82599 10 Gigabit Ethernet Controller,PCIe v2.0 (5.0 GT/s),Yes,Yes,Yes,Yes,No,,Yes,Yes,"iSCSI, NFS",,,Products formerly Spring Fountain,,,,,,,,,,,,,,,,,,,,,,,,,,,,,,,,,,,,,,,
Intel® Ethernet Server Adapter X520,Discontinued,Q3'09,Server,Fiber,MMF up to 300m,Low Profile & Full Height,View now,"Friday, August 1, 2014",,,View now,Single,10/1GbE,Yes,"5.0 GT/s, x8 Lane",Intel® 82599 10 Gigabit Ethernet Controller,PCIe v2.0 (5.0 GT/s),Yes,Yes,Yes,Yes,No,,Yes,Yes,"iSCSI, FCoE, NFS",,,Products formerly Spring Fountain,,,,,,,,,,,,,,,,,,,,,,,,,,,,,,,,,,,,,,,
Intel® Ethernet Server Adapter X520,Discontinued,Q3'09,Server,Fiber,MMF up to 300m,Low Profile & Full Height,View now,"Saturday, October 1, 2022",,,View now,Dual,10/1GbE,Yes,"5.0 GT/s, x8 Lane",Intel® 82599 10 Gigabit Ethernet Controller,PCIe v2.0 (5.0 GT/s),Yes,Yes,Yes,Yes,No,,Yes,Yes,"iSCSI, FCoE, NFS",,,Products formerly Spring Fountain,,,,,,,,,,,,,,,,,,,,,,,,,,,,,,,,,,,,,,,
Intel® Ethernet Connection X557,Discontinued,Q2'15,,,,,,"Wednesday, January 1, 2020",,View now,View now,Single,10GbE,,,,,,,,,,,,,,See PCN 117457 for EOL timelines.  Intel(r) Ethernet Connection X557 Family.  See the Product Brief for supported devices.,,Products formerly Coppervale,LOD: Sept/8/2020; LSD: March/8/2021,28 nm,0°C to 55°C,55 °C,0 °C,,,Yes,19mm x 19mm,,,,,,,,"KR, KX, 100Base-T, 1000Base-T, 10GBase-T, SGMII",3.4 W,,,,,,,,,,,,,,,,,,,,,
Intel® Ethernet Connection X557,Launched,Q2'15,,,,,View now,"Friday, January 1, 2027",$79.75,View now,View now,Dual,10GbE,,,,,,,,,,,,,,Intel(r) Ethernet Connection X557 Family.  See the Product Brief for supported devices.,,Products formerly Coppervale,1H'32,28 nm,0°C to 55°C,55 °C,0 °C,,,Yes,19mm x 19mm,,,,,,,,"KR, KX, 100Base-T, 1000Base-T, 10GBase-T, SGMII",6.8 W,,,,,,,,,,,,,,,,,,,,,
Intel® Ethernet Connection X557,Launched,Q2'15,,,,,View now,"Friday, January 1, 2027",$158.13,View now,View now,Quad,10GbE,,,,,,,,,,,,,,Intel(r) Ethernet Connection X557 Family.  See the Product Brief for supported devices.,,Products formerly Coppervale,1H'32,28 nm,0°C to 55°C,55 °C,0 °C,,,Yes,25mm x 25mm,,,,,,,,"KR, KX, 100Base-T, 1000Base-T, 10GBase-T, SGMII",13.6 W,,,,,,,,,,,,,,,,,,,,,
Intel® Ethernet Controller X550,Discontinued,Q1'16,,,,,"FreeBSD 10.2, Linux RHEL 6.7, Linux RHEL 7.1, Linux SLES 11 SP4, Linux SLES 11 SP4-IA64, Linux SLES 12, Linux Stable Kernel version 2.6/3.x, Linux Stable Kernel version 4.x, UEFI 2.1, UEFI 2.3, UEFI 2.4, VMware ESXi 5.5/6.0, Windows 7 SP1, Windows 8, Windows 8.1, Windows 10, Windows Server 2008 R2, Windows Server 2008 R2 Core, Windows Server 2008 R2 Hyper-V, Windows Server 2012, Windows Server 2012 Core, Windows Server 2012 Hyper-V, Windows Server 2012 R2, Windows Server 2012 R2 Core, Windows Server 2012 R2 Hyper-V, WinPE 3.0 (2008 R2 PE), WinPE 4.0 (2012 PE), WinPE 5.0 (2012 R2 PE)","Saturday, January 1, 2022",,View now,View now,Single,10/5/2.5/1GbE (NBASE-T in Linux Only),"VMDq, SR-IOV",,,PCIe v3.0 (8.0 GT/s),,Yes,Yes,Yes,No,,Yes,Yes,"iSCSI, FCoE, NFS",See PCN 118547 for EOL timelines. Fully integrated 10GBASE-T controller designed for LAN-on-Motherboard (LOM) & Converged Network Adapters (CNA),,Products formerly Sageville,LOD: Jan/22/2022; LSD: April/22/2022,28 nm,0°C to 55°C,55 °C,0 °C,,Yes,Yes,17mm x 17mm,Yes,No,Yes,No,,,Yes,"100Base-T, 1000Base-T, 10GBase-T",8 W,,,,,,,,,,,,,,,,,,,,,
Intel® Ethernet Controller X550,Launched,Q4'15,,,,,View now,"Wednesday, January 1, 2025",$90.95,View now,View now,Dual,10/5/2.5/1GbE (NBASE-T in Linux Only),"VMDq, SR-IOV",,,PCIe v3.0 (8.0 GT/s),,Yes,Yes,Yes,No,,Yes,Yes,"iSCSI, FCoE, NFS",Fully integrated 10GBASE-T controller designed for LAN-on-Motherboard (LOM) & Converged Network Adapters (CNA),,Products formerly Sageville,1H'29,28 nm,0°C to 55°C,55 °C,0 °C,,Yes,Yes,17mm x 17mm,Yes,No,Yes,No,,,Yes,"100Base-T, 1000Base-T, 10GBase-T",11 W,,,,,,,,,,,,,,,,,,,,,
Intel® Ethernet Controller X550,Discontinued,Q4'15,,,,,"FreeBSD 10.2, Linux RHEL 6.7, Linux RHEL 7.1, Linux SLES 11 SP4, Linux SLES 11 SP4-IA64, Linux SLES 12, Linux Stable Kernel version 2.6/3.x, Linux Stable Kernel version 4.x, UEFI 2.1, UEFI 2.3, UEFI 2.4, VMware ESXi 5.5/6.0, Windows 7 SP1, Windows 8, Windows 8.1, Windows 10, Windows Server 2008 R2, Windows Server 2008 R2 Core, Windows Server 2008 R2 Hyper-V, Windows Server 2012, Windows Server 2012 Core, Windows Server 2012 Hyper-V, Windows Server 2012 R2, Windows Server 2012 R2 Core, Windows Server 2012 R2 Hyper-V, WinPE 3.0 (2008 R2 PE), WinPE 4.0 (2012 PE), WinPE 5.0 (2012 R2 PE)","Saturday, January 1, 2022",,View now,View now,Dual,10/5/2.5/1GbE (NBASE-T in Linux Only),"VMDq, SR-IOV",,,PCIe v2.1 (5.0 GT/s),,Yes,Yes,Yes,No,,Yes,Yes,"iSCSI, FCoE, NFS",See PCN 118547 for EOL timelines. Fully integrated 10GBASE-T controller designed for LAN-on-Motherboard (LOM) & Converged Network Adapters (CNA),,Products formerly Sageville,LOD: Jan/22/2022; LSD: April/22/2022,28 nm,0°C to 55°C,55 °C,0 °C,,Yes,Yes,25mm x 25mm,Yes,No,Yes,No,,,Yes,"100Base-T, 1000Base-T, 10GBase-T",11 W,,,,,,,,,,,,,,,,,,,,,
Intel® Ethernet Controller X540,Discontinued,Q4'12,,,,,,"Friday, December 15, 2017",,View now,View now,Dual,10GbE/1GbE/100Mb,"VMDq, SR-IOV","5.0 GT/s, x8 Lane",,PCIe v2.1 (5.0 GT/s),Yes,Yes,Yes,Yes,No,,Yes,Yes,"iSCSI, FCoE, NFS",See PCN 117290 for EOL timelines. Fully integrated 10GBASE-T controller designed for LAN-on-Motherboard (LOM) & Converged Network Adapters (CNA),,Products formerly Twinville,LOD: March/31/2020; LSD: June/30/2020,40 nm,0°C to 55°C,55 °C,0 °C,,Yes,Yes,25mm x 25mm,Yes,Yes,Yes,No,,,No,"100Base-T, 1000Base-T, 10GBase-T",14 W,,,,,,,,,,,,,,,,,,,,,
Intel® Ethernet Controller X540,Discontinued,Q1'12,,,,,,"Monday, March 6, 2017",,View now,View now,Dual,10GbE/1GbE/100Mb,"VMDq, SR-IOV","5.0 GT/s, x8 Lane",,PCIe v2.1 (5.0 GT/s),Yes,Yes,Yes,Yes,No,,Yes,Yes,"iSCSI, FCoE, NFS",See PCN 118017 for EOL timelines. Fully integrated 10GBASE-T controller designed for LAN-on-Motherboard (LOM) & Converged Network Adapters (CNA),,Products formerly Twinville,LOD: Oct/1/2021; LSD: July/15/2022,40 nm,0°C to 55°C,55 °C,0 °C,,Yes,Yes,25mm x 25mm,Yes,Yes,Yes,No,,,No,"100Base-T, 1000Base-T, 10GBase-T",12.5 W,,,,,,,,,,,,,,,,,,,,,
Intel® 82599 10 Gigabit Ethernet Controller,Discontinued,LOD: Jan/22/2022; LSD: April/22/2022,,,,,,"Friday, January 1, 2021",,View now,,Single,10/1GbE,"VMDq, SR-IOV",,,PCIe v2.0 (5.0 GT/s),Yes,Yes,Yes,Yes,,,Yes,Yes,"iSCSI, FCoE, NFS",See PCN 118544 for EOL timelines.  (QDMS Direct Access Required).,,Products formerly Niantic,Q1'22,65 nm,0°C to 70°C,70 °C,0 °C,,Yes,Yes,25mm x 25mm,Yes,Yes,Yes,No,,,,SFI,,,,,,,,,,,,,,,,,,,,,,
Intel® 82599 10 Gigabit Ethernet Controller,Discontinued,Q2'09,,,,,,"Friday, January 1, 2021",,View now,View now,Dual,10/1GbE,"VMDq, SR-IOV",,,PCIe v2.0 (5.0 GT/s),Yes,Yes,Yes,Yes,,,Yes,Yes,"iSCSI, FCoE, NFS",See PCN 118544 for EOL timelines.  (QDMS Direct Access Required).,,Products formerly Niantic,LOD: Jan/22/2022; LSD: April/22/2022,65 nm,0°C to 70°C,70 °C,0 °C,,Yes,Yes,25x25mm,Yes,Yes,Yes,No,,,,"XAUI, KX, KX4, BX, BX4, CX4",,,,,,,,,,,,,,,,,,,,,,
Intel® 82599 10 Gigabit Ethernet Controller,Launched,Q2'09,,,,,View now,"Sunday, January 1, 2023",$42.79,View now,View now,Dual,10/1GbE,"VMDq, SR-IOV",,,PCIe v2.0 (5.0 GT/s),Yes,Yes,Yes,Yes,,,Yes,Yes,"iSCSI, FCoE, NFS",,,Products formerly Niantic,Q4'24,65 nm,0°C to 70°C,70 °C,0 °C,,Yes,Yes,25mm x 25mm,Yes,Yes,Yes,No,,,,"SFI, KR, XAUI, KX, KX4, BX, CX4",,,,,,,,,,,,,,,,,,,,,,
Intel® Ethernet Network Adapter I226 Series,Launched,Q3'23,Desktop,Copper,"CAT5e, CAT6, CAT6A",Low profile and full height,,"Sunday, January 1, 2040",$62.00-$64.00,,View now,Single,10/100/1000/2.5GBASE-T(TX),,"5 GT/s, x1 Lane",Intel(R) Ethernet Controller I226,PCIe 3.1 (5 GT/s),,,,,,,,,,,,,,,,,,,,,,,,,,,,,,,,,,,,,,,,,,,,,,,,,,,
Intel® Ethernet Network Adapter I225 Series,Launched,Q1'21,Desktop,Copper,"CAT5e, CAT6, CAT6A",Low profile and full height,,"Sunday, January 1, 2040",$64.00,,View now,Single,10/100/1000/2.5GBASE-T (TX),,"5 GT/s, x1 Lane",Intel Ethernet Controller I225,PCIe 3.1 (5 GT/s),,,,,,,,,,,,,,,,,,,,,,,,,,,,,,2.39 W,,,,,,,,,,,,,,,,,,,,,
Intel® Gigabit CT Desktop Adapter Series,Discontinued,Q3'08,Desktop,Copper,Category-5 up to 100m,Low Profile & Full Height,,"Saturday, October 1, 2022",,,,Single,10/100/1000 Mbps,,"2.5 GT/s, x1 Lane",Intel® 82574L Gigabit Ethernet Controller,PCIe v1.1 (2.5 GT/s),,,,,,,,,,,,Products formerly Shelter Island,,,,,,,,,,,,,,Intel® 82574L Gigabit Ethernet Controller,,,,1.9 W,,,,,,,,,,,,,,,,,,,,,
Intel® Ethernet Server Adapter I350 Series,Launched,Q4'19,Server,Copper,Cat 5 up to 100m,OCP 3.0,intel.com/support/Ethernet,,,,View now,Quad,1GbE,Yes,5 GT/s x4 Lane,Intel® Ethernet Controller i350,PCIe v2.1 (5.0 GT/s),Yes,Yes,Yes,Yes,No,,,Yes,"iSCSI, NFS",,,,,,,,,,,,,,,,,,,Yes,,,,,,,,,,,,,,,,,,,,,,,
Intel® Ethernet Server Adapter I350 Series,Launched,Q3'14,Server,Copper,Cat 5 up to 100m,Low Profile and Full Height,View now,"Friday, January 1, 2027",$134.00-$140.00,,,Dual,1GbE,Yes,5 GT/s x 4 Lane,Intel I350,PCIe v2.1 (5.0 GT/s),Yes,Yes,Yes,Yes,No,,,Yes,"iSCSI, NFS",,,Products formerly Powerville,,,,,,,,,,,,,,,,Yes,,,,,,,,,,,,,,,,,,,,,,,
Intel® Ethernet Server Adapter I350 Series,Launched,Q3'14,Server,Copper,Cat 5 up to 100m,Low Profile and Full Height,View now,"Tuesday, January 1, 2030",$171.00-$178.00,,View now,Quad,,Yes,"5 GT/s, x4 Lane",Intel Ethernet Controller I350,PCIe v2.1 (5.0 GT/s),Yes,Yes,Yes,Yes,No,,,Yes,"iSCSI, NFS",,,Products formerly Powerville,,,,,,,,,,,,,,,,Yes,,5 W,,,,,,,,,,,,,,,,,,,,,
Intel® Ethernet Server Adapter I350 Series,Discontinued,Q4'11,Server,Fiber,MMF 50um up to 550m; MMF 62.5um up to 275m,Low profile and full height,"Windows Server 2016*, Windows Server 2012 R2*, Windows Server 2012*, Windows 10*, Windows 8*, Windows Server 2008 R2*, Windows 7*, Windows Server 2008*, Windows Vista*, Windows Server 2003 R2*, Windows Server 2003*, Windows XP Professional, Linux* Stable Kernel version 3.x, 2.6,x, Red Hat Enterprise Linux* 5, 6, SUSE Linux Enterprise Server* 10, 11, FreeBSD 9*, VMware ESX/ESXi*","Thursday, December 1, 2022",,,,Dual,,Yes,"5 GT/s, x4 Lane",Intel I350,PCIe v2.1 (5.0 GT/s),Yes,Yes,Yes,Yes,No,,,Yes,"iSCSI, NFS",,,,,,,,,,,,,,,,,,,Yes,,5.5 W,,,,,,,,,,,,,,,,,,,,,
Intel® Ethernet Server Adapter I350 Series,Discontinued,Q4'11,Server,Fiber,MMF 50um up to 550m; MMF 62.5um up to 275m,Full height,"Windows Server 2016*, Windows Server 2012 R2*, Windows Server 2012*, Windows 10*, Windows 8*, Windows Server 2008 R2*, Windows 7*, Windows Server 2008*, Windows Vista*, Windows Server 2003 R2*, Windows Server 2003*, Windows XP Professional, Linux* Stable Kernel version 3.x, 2.6,x, Red Hat Enterprise Linux* 5, 6, SUSE Linux Enterprise Server* 10, 11, FreeBSD 9*, VMware ESX/ESXi*","Monday, November 28, 2016",,,,Quad,,Yes,"5 GT/s, x4 Lane",Intel I350,PCIe v2.1 (5.0 GT/s),Yes,Yes,Yes,Yes,No,,,Yes,"iSCSI, NFS",,,,,,,,,,,,,,,,,,,Yes,,6 W,,,,,,,,,,,,,,,,,,,,,
Intel® Ethernet Server Adapter I210 Series,Launched,Q1'13,Server,Copper,"RJ45 Category 5, up to 100 m",Low Profile and Full Height,,"Tuesday, December 31, 2030",$43.00-$44.00,,View now,Single,10/100/1000 Mbps,,"2.5 GT/s, x1 Lane",Intel I210,PCIe v2.1 (2.5 GT/s),No,No,No,No,No,,No,Yes,,,,,,,,,,,,,,,,,,,,Yes,,1 W,,,,,,,,,,,,,,,,,,,,,
Intel® Ethernet Network Connection I347 Series,Discontinued,Q4'11,,,,,,"Friday, November 18, 2016",,View now,,Quad,1GbE,,,,SGMII,,,,,No,,,,,Quad Port PHY for use with Cave Creek,,,"PCN#118015 LOD Oct 31, 2021",,0°C to 70°C,70 °C,0 °C,,,Yes,15mm x 15mm,No,No,No,,,,,1000Base-T,,,,,,,,,,,,,,,,,,,,,,
Intel® Ethernet Controller I350 Series,Discontinued,Q2'11,,,,,,"Saturday, January 1, 2022",,View now,View now,Dual,1GbE,Intel® VT-c,,,PCIe v2.0 (5.0 GT/s),Yes,,Yes,Yes,No,,Yes,,,See PCN 118546 for EOL timelines.,,Products formerly Powerville,LOD: Jan/22/2022; LSD: April/22/2022,,-10°C to 55°C,55 °C,-10 °C,,Yes,Yes,25mm x 25mm,,No,Yes,,,,,"1000Base-T, SGMII, SERDES",2.8 W,,,,,,,,,,,,,,,,,,,,,
Intel® Ethernet Controller I350 Series,Launched,Q2'11,,,,,View now,"Thursday, January 1, 2026",$20.30,View now,View now,Dual,1GbE,Intel® VT-c,,,PCIe v2.0 (5.0 GT/s),Yes,,Yes,Yes,No,,Yes,,,,,Products formerly Powerville,1H'29,,-10°C to 55°C,55 °C,-10 °C,,Yes,Yes,17mm x 17mm,No,,Yes,,,,,"1000Base-T, SGMII, SERDES",2.8 W,,,,,,,,,,,,,,,,,,,,,
Intel® Ethernet Controller I350 Series,Launched,Q2'11,,,,,View now,"Thursday, January 1, 2026",$37.50,View now,View now,Quad,1GbE,Intel® VT-c,,,PCIe v2.0 (5.0 GT/s),Yes,,Yes,Yes,No,,Yes,,,,,Products formerly Powerville,1H'29,,-10°C to 55°C,55 °C,-10 °C,,Yes,Yes,17mm x 17mm,No,No,Yes,,,,,"1000Base-T, SGMII, SERDES",4 W,,,,,,,,,,,,,,,,,,,,,
Intel® Ethernet Controller I226 Series,Launched,Q2'22,,,,,,,$2.87,,,Single,2.5G,,"5G, x1",,PCIe 3.1,,,,,,,,,,,PC/Client/Tablet,Products formerly Foxville,1H'32,28 nm,0°C to 70°C,70 °C,0 °C,No,No,Yes,7x7mm,,,Yes,,,,,NBASE-T,1.3 W,,,,,,,,,,,,,,,,,,,,,
Intel® Ethernet Controller I226 Series,Launched,Q2'22,,,,,,,$7.02,,,Single,2.5G,,"5G, x1",,PCIe 3.1,,,,,,,,,,,Industrial Extended Temp,Products formerly Foxville,,28 nm,-40°C to 85°C,85 °C,-40 °C,Yes,No,Yes,7x7mm,,,Yes,,,,,NBASE-T,1.5 W,,,,,,,,,,,,,,,,,,,,,
Intel® Ethernet Controller I226 Series,Launched,Q2'22,,,,,,,$4.86,,,Single,2.5,,"5G, x1",,PCIe 3.1,,,,,,,,,,,Embedded Broad Market Commercial Temp,Products formerly Foxville,,28 nm,0°C to 70°C,70 °C,0 °C,Yes,No,Yes,7x7mm,,,Yes,,,,,NBASE-T,1.3 W,,,,,,,,,,,,,,,,,,,,,
Intel® Ethernet Controller I225 Series,Launched,Q4'20,,,,,View now,"Sunday, December 31, 2023",$7.02,,View now,Single,2.5GbE,,"5G, x1",,PCIe 3.1,Yes,,,,,,,,,,"Industrial Commercial Temp, Industrial Extended Temp, Communications Commercial Temp, Embedded Broad Market Commercial Temp, Embedded Broad Market Extended Temp, Server/Enterprise, Workstation",Products formerly Foxville,1H'27,28 nm,-40°C to 70°C,70 °C,-40 °C,No,No,Yes,7mm x 7mm,,,Yes,,,,,NBASE-T,2 W,,,,,,,,,,,,,,,,,,,,,
Intel® Ethernet Controller I225 Series,Launched,Q4'19,,,,,View now,"Saturday, December 31, 2022",$4.86,,View now,Single,2.5GbE,,"x1, G2",,PCIe,Yes,,,,,,,,,,"Industrial Commercial Temp, Communications Commercial Temp, Embedded Broad Market Commercial Temp, Server/Enterprise, PC/Client/Tablet, Workstation",Products formerly Foxville,1H27,,0°C to 70°C,70 °C,0 °C,No,No,Yes,7mm x 7mm,,,Yes,,,,,NBASE-T,2 W,,,,,,,,,,,,,,,,,,,,,
Intel® Ethernet Controller I225 Series,Launched,Q4'19,,,,,View now,"Saturday, December 31, 2022",$2.87,,View now,Single,2.5GbE,,"x1, G2",,PCIe,,,,,,,,,,,PC/Client/Tablet,Products formerly Foxville,1H'27,,0°C to 70°C,70 °C,0 °C,No,No,Yes,,,,,,,,,NBASE-T,1.95 W,,,,,,,,,,,,,,,,,,,,,
Intel® Ethernet Connection I219 Series,Launched,Q2'15,,,,,View now,"Saturday, May 25, 2030",$2.30,View now,View now,Single,1GbE,,,,Proprietary,,,,,,,,,,Low Power 1 Gigabit Ethernet PHY,,Products formerly Jacksonville,1H'32,40 nm,0°C to 85°C,85 °C,0 °C,,,Yes,6mm x 6mm,,,Yes,Yes,,,,1000Base-T,0.5 W,,,,,,,,,,,,,,,,,,,,,
Intel® Ethernet Connection I219 Series,Launched,Q2'15,,,,,View now,"Saturday, May 25, 2030",$2.06,View now,View now,Single,1GbE,,,,Proprietary,,,,,,,,,,Low Power 1 Gigabit Ethernet PHY,,Products formerly Jacksonville,1H'32,40 nm,0°C to 85°C,85 °C,0 °C,,,Yes,6mm x 6mm,,,Yes,,,,,1000Base-T,0.5 W,,,,,,,,,,,,,,,,,,,,,
Intel® Ethernet Connection I218 Series,Launched,Q2'13,,,,,View now,"Wednesday, July 1, 2020",$1.92,View now,View now,Single,1GbE,,,,Proprietary,,,,,,,,,,Low Power 1 Gigabit Ethernet PHY,,Products formerly Clarkville,,40 nm,0°C to 85°C,85 °C,0 °C,Yes,,Yes,6mm x 6mm,,,Yes,Yes,,,,1000Base-T,0.5 W,,,,,,,,,,,,,,,,,,,,,
Intel® Ethernet Connection I218 Series,Launched,Q2'13,,,,,View now,"Wednesday, July 1, 2020",,View now,View now,Single,1GbE,,,,Proprietary,,,,,,,,,,Low Power 1 Gigabit Ethernet PHY,,Products formerly Clarkville,Q1'22,40 nm,0°C to 85°C,85 °C,0 °C,,,Yes,6mm x 6mm,,,Yes,No,,,,1000Base-T,0.5 W,,,,,,,,,,,,,,,,,,,,,
Intel® Ethernet Connection I217 Series,Launched,Q4'12,,,,,View now,"Wednesday, July 1, 2020",$1.92,View now,View now,Single,1GbE,,,,Proprietary,,,,,,,,,,,,Products formerly Clarkville,Q4'23,40 nm,0°C to 85°C,85 °C,0 °C,,,Yes,6mm x 6mm,,,Yes,Yes,,,,"100Base-T, 1000Base-T",0.5 W,,,,,,,,,,,,,,,,,,,,,
Intel® Ethernet Connection I217 Series,Launched,Q4'12,,,,,View now,"Wednesday, July 1, 2020",$1.72,View now,View now,Single,1GbE,,,,Proprietary,,,,,,,,,,,,Products formerly Clarkville,Q1'22,40 nm,0°C to 85°C,85 °C,0 °C,,,Yes,6mm x 6mm,,,Yes,No,,,,1000Base-T,0.5 W,,,,,,,,,,,,,,,,,,,,,
Intel® Ethernet Controller I211 Series,Discontinued,Q4'12,,,,,,"Friday, November 25, 2022",,View now,View now,Single,1GbE,,"2.5 GT/s, x1 Lane",,PCIe v2.1 (2.5 GT/s),,,,No,No,No,No,No,,See PCN 118543 for EOL timelines.,,Products formerly Pearsonville,April/22/2022; LSD: Oct/22/2022,,0°C to 70°C,70 °C,0 °C,,No,Yes,9mm x 9mm,No,No,Yes,No,,,,"100BASE-T, 1000BASE-T",,,,,,,,,,,,,,,,,,,,,,
Intel® Ethernet Controller I210 Series,Launched,Q2'18,,,,,View now,"Tuesday, January 1, 2030",$13.50,View now,View now,Single,1GbE,,,,PCIe v2.1 (2.5 GT/s),,,,,,,,,,1GbE Controller supporting SerDes/SGMII for Automotive (<20 DPM). See the “Intel(r) Ethernet Controller I210 : Specification Update” for Top Marking information.,Automotive,Products formerly Springville,1H'35,,-40°C to 85°C,85 °C,-40 °C,No,Yes,Yes,9mm x 9mm,,,Yes,,,,,"SGMII, SERDES",,,,,,,,,,,,,,,,,,,,,,
Intel® Ethernet Controller I210 Series,Launched,Q4'14,,,,,View now,"Tuesday, January 1, 2030",$12.00,View now,View now,Single,1GbE SerDes/SGMII,,,,PCIe v2.1 (2.5 GT/s),,,,,,,,,,Industrial Temperature 1GbE Controller supporting SerDes/SGMII. See the “Intel(r) Ethernet Controller I210 : Specification Update” for Top Marking information.,Automotive,Products formerly Springville,1H'35,40 nm,-40°C to 85°C,85 °C,-40 °C,No,Yes,Yes,9mm x 9mm,,,Yes,,,,,"SGMII, SERDES",,,,,,,,,,,,,,,,,,,,,,
Intel® Ethernet Controller I210 Series,Launched,Q4'12,,,,,View now,"Tuesday, January 1, 2030",$4.27,View now,View now,Single,1GbE,,,,PCIe v2.1 (2.5 GT/s),,,,,,,,,,,,Products formerly Springville,1H'35,,0°C to 70°C,70 °C,0 °C,,Yes,Yes,9mm x 9mm,,No,Yes,,,,,1000Base-T,,,,,,,,,,,,,,,,,,,,,,
Intel® Ethernet Controller I210 Series,Launched,Q4'12,,,,,View now,"Tuesday, January 1, 2030",$12.00,View now,View now,Single,1GbE SerDes/SGMII,,,,PCIe v2.1 (2.5 GT/s),,,,,,,,,,Industrial Temperature 1GbE Controller supporting SerDes/SGMII.  See the “Intel(r) Ethernet Controller I210 : Specification Update” for Top Marking information.,,Products formerly Springville,1H'35,,-40°C to 85°C,85 °C,-40 °C,,Yes,Yes,9mm x 9mm,,No,Yes,,,,,"SGMII, SERDES",,,,,,,,,,,,,,,,,,,,,,
Intel® Ethernet Controller I210 Series,Launched,Q4'12,,,,,View now,"Tuesday, January 1, 2030",$5.35,View now,View now,Single,1GbE,,,,PCIe v2.1 (2.5 GT/s),,,,,,,,,,Industrial Temperature 1GbE Controller.  See the “Intel(r) Ethernet Controller I210 : Specification Update” for Top Marking information.,,Products formerly Springville,1H'35,,-40°C to 85°C,85 °C,-40 °C,,Yes,Yes,9mm x 9mm,,No,Yes,,,,,1000Base-T,,,,,,,,,,,,,,,,,,,,,,
Intel® 82583 Gigabit Ethernet Controller,Discontinued,Q2'09,,,,,,"Saturday, April 5, 2014",,View now,View now,Single,1GbE,,,,PCIe v1.0a (2.5 GT/s),,,,,,,,,,See PCN 117375 for EOL timelines.,,Products formerly Colleyville,LOD 1/31/2021; LSD 7/31/2021,90 nm,0°C to 85°C,85 °C,0 °C,,No,Yes,9mm x 9mm,,No,Yes,No,,,,1000Base-T,0.727 W,,,,,,,,,,,,,,,,,,,,,
Intel® 82580 Gigabit Ethernet Controller,Discontinued,Q1'10,,,,,,"Thursday, January 1, 2026",,View now,View now,Dual,1GbE,,,,,,,,,,,,,,See PCN 118016 for EOL timelines.,,Products formerly Barton Hills,July/15/2021; LSD: July/15/2022,,-10°C to 85°C,85 °C,-10 °C,,Yes,Yes,17mm x 17mm,,,Yes,,,,,"1000Base-T, SGMII, SERDES",,,,,,,,,,,,,,,,,,,,,,
Intel® 82580 Gigabit Ethernet Controller,Discontinued,Q1'10,,,,,,"Thursday, January 1, 2026",,View now,View now,Quad,1GbE,"I/OAT, VMDq",,,PCIe v2.0 (5.0 GT/s),,,,,,,,,,See PCN 118016 for EOL timelines.,,Products formerly Barton Hills,July/15/2021; LSD: July/15/2022,90 nm,-10°C to 85°C,85 °C,-10 °C,,Yes,Yes,17mm x 17mm,No,No,Yes,No,,,,"1000Base-T, SGMII, SERDES",3.5 W,,,,,,,,,,,,,,,,,,,,,
Intel® 82579 Gigabit Ethernet Controller,Discontinued,Q1'11,,,,,,"Saturday, June 1, 2019",,View now,View now,Single,1GbE,,,,Proprietary,,,,,No,,,,,See PCN 118511 for EOL timelines.,,Products formerly Lewisville,LOD Mar/21/2022; LSD: Sept/30/2022,90 nm,0°C to 85°C,85 °C,0 °C,,No,Yes,6mm x 6mm,No,Yes,Yes,,,,,,0.66 W,,,,,,,,,,,,,,,,,,,,,
Intel® 82579 Gigabit Ethernet Controller,Discontinued,Q1'11,,,,,,"Monday, July 1, 2019",,View now,View now,Single,1GbE,,,,Proprietary,,,,,No,,,,,See PCN 118511 for EOL timelines.,,Products formerly Lewisville,,90 nm,0°C to 85°C,85 °C,0 °C,Yes,No,Yes,6mm x 6mm,No,No,Yes,,,,,,0.66 W,,,,,,,,,,,,,,,,,,,,,
Intel® Ethernet Connection C827 Series,Launched,Q4'17,,,,,View now,"Friday, January 1, 2027",$60.00,View now,View now,Quad,25GbE,,,,,,,,,,,,,,"The Intel C827-IM device is a fully integrated single chip Ethernet transceiver that supports 25 GbE full-duplex transmission, over a variety of media including optics, passive copper cables and backplanes.",,Products formerly Parkvale,1H'32,,-40°C to 105°C,105 °C,-40 °C,No,,,14mm x 14mm,,,,,,,,"SFI, KR, KR4, XAUI, KX, SGMII, XLAUI, KR2, CR2, CR4, CAUI, CPRI",2.6 W,,,,,,,,,,,,,,,,,,,,,
Intel® Ethernet Connection C827 Series,Launched,Q3'17,,,,,View now,"Friday, January 1, 2027",$52.50,View now,View now,Quad,25GbE,,,,,,,,,,,,,,"The Intel C827-AM device is a fully integrated single chip Ethernet transceiver that supports 25GbE full-duplex transmission, over a variety of media including optics, passive copper cables and backplanes.",,Products formerly Parkvale,1H'32,,0°C to 70°C,70 °C,0 °C,No,,,14mm x 14mm,,,,,,,,"SFI, KR, KR4, XAUI, KX, SGMII, XLAUI, KR2, CR2, CR4, CAUI, CPRI",2.6 W,,,,,,,,,,,,,,,,,,,,,
Intel® Ethernet Connection XL827 Series,Discontinued,Q3'17,,,,,,"Saturday, January 1, 2022",,View now,View now,Quad,10GbE,,,,,,,,,,,,,,"See PCN 118541 for EOL timelines.  The Intel XL827-AM device is a fully integrated single chip Ethernet transceiver that supports 10 GbE full-duplex transmission, over a variety of media including optics, passive copper cables and backplanes.",,Products formerly Parkvale,LOD: Jan/22/2022; LSD: April/22/2022,,0°C to 70°C,70 °C,0 °C,No,,,14mm x 14mm,,,,,,,,"SFI, KR, KR4, XAUI, KX, SGMII, XLAUI, KR2, CR2, CR4, CAUI, CPRI",2.6 W,,,,,,,,,,,,,,,,,,,,,
Intel® Ethernet QSFP28 Optics,Launched,Q3'20,Server,,,,,"Tuesday, January 1, 2030",$221.00-$1065.00,,View now,,,,,,,,,,,,,,,,,,,,,,,,,,,,,,,,,,,,,,,,,,,,,,,,,,,,,,,,,
Intel® Ethernet QSFP+ Optics,Launched,Q2'16,,,,,,"Sunday, June 20, 2021",,,View now,,,,,,,,,,,,,,,,,,,,,,,,,,,,,,,,,,,,,,,,,,,,,,,,,,,,,,,,,
Intel® Ethernet QSFP+ Optics,Launched,Q2'14,Server,,,,,"Thursday, January 2, 2025",,,View now,,,,,,,,,,,,,,,,,,,,,,,,,,,,,,,,,,,,,,,,,,,,,,,,,,,,,,,,,
Intel® Ethernet SFP+ Optics,Launched,Q4'09,,,,,,"Sunday, September 1, 2030",,,View now,,,,,,,,,,,,,,,,,,,,,,,,,,,,,,,,,,,,,,,,,,,,,,,,,,,,,,,,,
Intel® Ethernet SFP+ Optics,Launched,Q4'09,Server,,,,,"Tuesday, October 1, 2030",,,View now,,,,,,,,,,,,,,,,,,,,,,,,,,,,,,,,,,,,,,,,,,,,,,,,,,,,,,,,,
Intel® Ethernet SFP28 Optics,Launched,Q1'20,Server,,,,,"Tuesday, January 1, 2030",$289.00,,View now,,,,,,,,,,,,,,,,,,,,,,,,,,,,,,,,,,,,,,,,,,,,,,,,,,,,,,,,,
Intel® Ethernet SFP28 Optics,Launched,Q1'17,Server,,,,,"Tuesday, January 1, 2030",$134.00-$144.00,,View now,,,,,,,,,,,,,,,,,,,,,,,,,,,,,,,,,,,,,,,,,,,,,,,,,,,,,,,,,
Intel® 82578 Gigabit Ethernet PHY,Discontinued,Q2'09,,,,,,"Wednesday, October 26, 2022",,,,Single,1 Gbps,,,,Proprietary,,,,,,,,,,,,Products formerly Hanksville,04/16/2012,,0°C to 85°C,85 °C,0 °C,No,,No,6mm x 6mm,,No,,No,,,,,,,,,,,,,,,,,,,,,,,,,,
Intel® 82578 Gigabit Ethernet PHY,Discontinued,Q2'09,,,,,,"Wednesday, October 26, 2022",,,,Single,1 Gbps,,,,Proprietary,,,,,,,,,,,,Products formerly Hanksville,04/19/2014,,0°C to 85°C,85 °C,0 °C,No,,Yes,6mm x 6mm,,Yes,,Yes,,,,,,,,,,,,,,,,,,,,,,,,,,
Intel® 82577 Gigabit Ethernet PHY,Discontinued,Q2'09,,,,,,"Wednesday, October 26, 2022",,,,Single,1 Gbps,,,,Proprietary,,,,,,,,,,,,Products formerly Hanksville,04/02/2013,,,,,No,,No,6mm x 6mm,,,,,,,,,,,,,,,,,,,,,,,,,,,,,,
Intel® 82577 Gigabit Ethernet PHY,Discontinued,Q2'09,,,,,,"Wednesday, October 26, 2022",,View now,,Single,1GbE,,,,Proprietary,,,,,,,,,,,,Products formerly Hanksville,Q1'18,,0°C to 85°C,85 °C,0 °C,,,Yes,6mm x 6mm,,,,Yes,,,,,,,,,,,,,,,,,,,,,,,,,,
Intel® 82576 Gigabit Ethernet Controller,Discontinued,Q1'09,,,,,,"Monday, March 31, 2014",,,,Dual,,"I/OAT, VMDq, VMDc",,,PCIe v2.0 (2.5 GT/s),,,,,,,,,,,,Products formerly Kawela,See Published PCN for EOL Details,90 nm,0°C to 55°C,55 °C,0 °C,,Yes,Yes,25x25mm,No,No,Yes,No,,,,,2.8 W,,,,,,,,,,,,,,,,,,,,,
Intel® 82576 Gigabit Ethernet Controller,Discontinued,Q1'08,,,,,,"Monday, April 1, 2013",,View now,,Dual,,"VMDc(SR-IOV with mobility), VMDq, Intel® I/OAT",,,PCIe v2.0 (2.5 GT/s),,,,,,,,,,,,Products formerly Kawela,See Published PCN for EOL Details,90 nm,0°C to 55°C,55 °C,0 °C,,Yes,Yes,25mm x 25mm,No,Yes,Yes,No,,,,,2.8 W,,,,,,,,,,,,,,,,,,,,,
Intel® 82575 Gigabit Ethernet Controller,Discontinued,Q2'07,,,,,,"Monday, April 2, 2012",,,,Dual,,"VMDq, I/OAT",,,PCIe v2.0 (2.5 GT/s),,,,,,,,,,,,Products formerly Zoar,See Published PCN for EOL Details,90 nm,0°C to 55°C,55 °C,0 °C,,Yes,Yes,25x25mm,No,No,No,,,,,,2.8 W,,,,,,,,,,,,,,,,,,,,,
Intel® 82574 Gigabit Ethernet Controller,Discontinued,Q2'08,,,,,,"Friday, April 5, 2013",,View now,,Single,1GbE,,,,PCIe v1.1 (2.5 GT/s),,,,,,,,,,See PCN 117376 for EOL timelines. Industrial Temperature 1GbE Controller.  See the “Intel® 82574 Family Gigabit Ethernet Controller: Spec Update” for Top Marking information.,,Products formerly Hartwell,LOD 1/31/2021; LSD 7/31/2021,90 nm,-40°C to 85°C,85 °C,-40 °C,,Yes,Yes,9mm x 9mm,,No,Yes,No,,,,1000Base-T,0.727 W,,,,,,,,,,,,,,,,,,,,,
Intel® 82574 Gigabit Ethernet Controller,Discontinued,Q2'08,,,,,,,,View now,,Single,1GbE,,,,PCIe v1.1 (2.5 GT/s),,,,,,,,,,See PCN 117376 for EOL Timelines,,Products formerly Hartwell,LOD 1/31/2021; LSD 7/31/2021,90 nm,0°C to 85°C,85 °C,0 °C,,Yes,Yes,9mm x 9mm,,No,Yes,No,,,,"100BASE-T, 1000BASE-T",0.727 W,,,,,,,,,,,,,,,,,,,,,
Intel® 82573 Gigabit Ethernet Controller,Discontinued,Q3'05,,,,,,"Tuesday, July 6, 2010",,,,Single,,,,,PCIe v1.0a (2.5 GT/s),,,,,,,,,,See PCN 113629 for EOL Timelines,,Products formerly Vidalia,"LOD 1/31/2016, LSD 6/30/2016",130 nm,0°C to 70°C,70 °C,0 °C,,No,No,15x15mm,No,No,No,No,,,,1000Base-T,1.3 W,,,,,,,,,,,,,,,,,,,,,
Intel® 82573 Gigabit Ethernet Controller,Discontinued,Q2'05,,,,,,"Sunday, May 2, 2010",,,,Single,,,,,PCIe v1.0a (2.5 GT/s),,,,,,,,,,See PCN 113585 for EOL timelines.,,Products formerly Tekoa,"LOD 1/31/2016, LSD 6/30/2016",130 nm,0°C to 70°C,70 °C,0 °C,,No,No,15x15mm,No,No,No,No,,,,1000Base-T,1.3 W,,,,,,,,,,,,,,,,,,,,,
Intel® 82573 Gigabit Ethernet Controller,Discontinued,Q2'05,,,,,,"Sunday, May 2, 2010",,,,Single,,,,,PCIe v1.0a (2.5 GT/s),,,,,,,,,,See PCN 113585 for EOL timelines.,,Products formerly Tekoa,"LOD 1/31/2016, LSD 6/30/2016",130 nm,0°C to 70°C,70 °C,0 °C,,No,No,15x15mm,No,No,No,No,,,,1000Base-T,1.4 W,,,,,,,,,,,,,,,,,,,,,
Intel® 82572 Gigabit Ethernet Controller,Discontinued,Q4'05,,,,,,"Monday, October 4, 2010",,,,Single,,,,,PCIe v1.0a (2.5 GT/s),,,,,,,,,,,,Products formerly Rimon,See Published PCN for EOL Details,90 nm,0°C to 70°C,70 °C,0 °C,,No,No,17x17mm,No,No,No,No,,,,,2.14 W,,,,,,,,,,,,,,,,,,,,,
Intel® 82571 Gigabit Ethernet Controller,Discontinued,Q3'05,,,,,,"Wednesday, July 7, 2010",,View now,,Dual,,,,,PCIe v1.0a (2.5 GT/s),,,,,,,,,,,,Products formerly Ophir,See Published PCN for EOL Details,90 nm,0°C to 55°C,55 °C,0 °C,,No,Yes,17x17mm,No,No,No,No,,,,,3.43 W,,,,,,,,,,,,,,,,,,,,,
Intel® 82567LM Gigabit Ethernet Phy,Discontinued,Q3'08,,,,,,"Monday, July 15, 2013",,,,Single,1GbE,N/A,,,GLCI/LCI,,,,,,,,,,,,Products formerly Boazman,Q1'17,90 nm,0°C to 85°C,85 °C,0 °C,Yes,No,Yes,"8x8, QFN",No,Yes,No,Yes,,,,,0.64 W,,,,,,,,,,,,,,,,,,,,,
Intel® 82567V Gigabit Ethernet Phy,Discontinued,Q2'08,,,,,,"Thursday, April 4, 2013",,,,Single,1GbE,N/A,,,GLCI/LCI,,,,,No,,,,,,,Products formerly Boazman,Q1'17,90 nm,0°C to 85°C,85 °C,0 °C,Yes,No,No,"8x8, QFN",No,No,No,No,,,,,0.64 W,,,,,,,,,,,,,,,,,,,,,
Intel® 82566 Gigabit Ethernet PHY,Discontinued,Q2'06,,,,,,"Wednesday, April 6, 2011",,,,Single,,N/A,,,GLCI/LCI,,,,,,,,,,,,Products formerly Nineveh,2/7/2011,90 nm,0°C to 70°C,70 °C,0 °C,No,,No,10x10,No,No,No,No,,,,,1.18 W,,,,,,,,,,,,,,,,,,,,,
Intel® 82566 Gigabit Ethernet PHY,Discontinued,Q2'06,,,,,,"Wednesday, April 6, 2011",,,,Single,,N/A,,,GLCI/LCI,,,,,,,,,,,,Products formerly Nineveh,6/01/2011,90 nm,0°C to 70°C,70 °C,0 °C,,,Yes,"10x10, BGA",No,No,No,Yes,,,,,1.18 W,,,,,,,,,,,,,,,,,,,,,
Intel® 82566 Gigabit Ethernet PHY,Discontinued,Q2'06,,,,,,"Wednesday, April 6, 2011",,,,Single,,N/A,,,GLCI/LCI,,,,,,,,,,,,Products formerly Nineveh,2/7/2011,90 nm,0°C to 70°C,70 °C,0 °C,No,,No,"10x10, BGA",No,No,No,No,,,,,1.18 W,,,,,,,,,,,,,,,,,,,,,
Intel® 82566 Gigabit Ethernet PHY,Discontinued,Q2'06,,,,,,"Wednesday, April 6, 2011",,,,Single,,N/A,,,GLCI/LCI,,,,,,,,,,,,Products formerly Nineveh,2/7/2011,90 nm,0°C to 70°C,70 °C,0 °C,No,,No,"10x10, BGA",No,No,No,Yes,,,,,1.18 W,,,,,,,,,,,,,,,,,,,,,
Intel® 82564 Gigabit Ethernet PHY,Discontinued,Q1'06,,,,,,"Wednesday, January 5, 2011",,,,Single,,,,,GLCI/LCI,,,,,,,,,,,,Products formerly Gilgal,,150 nm,0°C to 60°C,60 °C,0 °C,No,,,14x14mm,,,,,,,,,1.3 W,,,,,,,,,,,,,,,,,,,,,
Intel® 82563 Gigabit Ethernet PHY,Discontinued,Q1'06,,,,,,"Wednesday, January 5, 2011",,,,Dual,,,,,GLCI/LCI,No,No,No,No,No,,No,,,,,Products formerly Gilgal,"July 28, 2014",150 nm,0°C to 60°C,60 °C,0 °C,,No,Yes,14x14mm,No,No,No,,,,,,2.6 W,,,,,,,,,,,,,,,,,,,,,
Intel® 82547 Gigabit Ethernet Controller,Discontinued,Q3'03,,,,,,"Sunday, July 6, 2008",,,,Single,,,,,PCI-X,,,,,,,,,,,,Products formerly Tanacross,10/2012,130 nm,0°C to 70°C,70 °C,0 °C,,No,No,15x15mm,No,No,No,No,,,,,,,,,,,,,,,,,,,,,,,,,,
Intel® 82546 Gigabit Ethernet Controller,Discontinued,Q3'03,,,,,,"Wednesday, October 26, 2022",,,,Dual,,,,,PCI-X,,,,,,,,,,See PCN 114236 for published EOL timelines.,,Products formerly Anvik,"LOD 12/31/2016, LSD 6/30/2017",150 nm,0°C to 55°C,55 °C,0 °C,,,,21x21mm,,,,,,,,,,,,,,,,,,,,,,,,,,,,,,
Intel® 82546 Gigabit Ethernet Controller,Discontinued,Q2'02,,,,,,"Wednesday, October 26, 2022",,,,Dual,,,,,PCI-X,,,,,,,,,,,,Products formerly Anvik,,150 nm,0°C to 55°C,55 °C,0 °C,Yes,,,21x21mm,,,,,,,,,,,,,,,,,,,,,,,,,,,,,,
Intel® 82545 Gigabit Ethernet Controller,Discontinued,Q3'03,,,,,,"Wednesday, October 26, 2022",,,,Single,,,,,PCI-X,,,,,,,,,,,,Products formerly Attla,Q1' 14,150 nm,0°C to 70°C,70 °C,0 °C,,No,No,21x21mm,No,No,No,No,,,,,1.5 W,,,,,,,,,,,,,,,,,,,,,
Intel® 82545 Gigabit Ethernet Controller,Discontinued,Q2'02,,,,,,"Wednesday, October 26, 2022",,,,Single,,,,,PCI-X,,,,,,,,,,,,Products formerly Kenai,,150 nm,0°C to 70°C,70 °C,0 °C,,,,21x21mm,,,,,,,,,1.5 W,,,,,,,,,,,,,,,,,,,,,
Intel® 82544 Gigabit Ethernet Controller,Discontinued,Q3'01,,,,,,"Wednesday, October 26, 2022",,,,Single,,,,,PCI-X,,,,,,,,,,,,Products formerly Cordova,,180 nm,0°C to 70°C,70 °C,0 °C,,,,27x27mm,,,,,,,,,,,,,,,,,,,,,,,,,,,,,,
Intel® 82544 Gigabit Ethernet Controller,Discontinued,Q3'01,,,,,,"Wednesday, October 26, 2022",,,,Single,,,,,PCI-X,,,,,,,,,,,,Products formerly Cordova,,180 nm,0°C to 55°C,55 °C,0 °C,,,,21x21mm,,,,,,,,,,,,,,,,,,,,,,,,,,,,,,
Intel® 82543 Gigabit Ethernet Controller,Discontinued,Q2'00,,,,,,"Wednesday, October 26, 2022",,,,Single,,,,,PCI,,,,,,,,,,,,Products formerly Liven Good (Livengood),,350 nm,0°C to 70°C,70 °C,0 °C,Yes,No,No,35x35mm,No,No,No,No,,,,,,,,,,,,,,,,,,,,,,,,,,
Intel® 82541 Gigabit Ethernet Controller,Discontinued,Q1'04,,,,,,"Wednesday, October 26, 2022",,,,Single,,,,,PCI,,,,,,,,,,See PCN 113585 for product EOL dates.,,Products formerly Tabor,2/3/2015,130 nm,0°C to 70°C,70 °C,0 °C,,No,No,15x15mm,No,No,No,No,,,,,,,,,,,,,,,,,,,,,,,,,,
Intel® 82541 Gigabit Ethernet Controller,Discontinued,Q1'04,,,,,,"Wednesday, October 26, 2022",,,,Single,,,,,PCI,,,,,,,,,,See PCN 113585 for product EOL dates.,,Products formerly Tabor,2/3/2015,130 nm,0°C to 70°C,70 °C,0 °C,,No,No,15x15mm,No,No,No,No,,,,,1 W,,,,,,,,,,,,,,,,,,,,,
Intel® 82541 Gigabit Ethernet Controller,Discontinued,Q3'03,,,,,,"Wednesday, October 26, 2022",,,,Single,,,,,PCI,,,,,,,,,,See PCN 109306 for product EOL dates.,,Products formerly Tabor,4/19/2009,130 nm,0°C to 70°C,70 °C,0 °C,,,,15x15mm,,,,,,,,,,,,,,,,,,,,,,,,,,,,,,
Intel® 82540 Gigabit Ethernet Controller,Discontinued,Q3'06,,,,,,"Wednesday, October 26, 2022",,,,Single,,,,,PCI,,,,,,,,,,,,Products formerly Kenai,"May 13, 2014",150 nm,-40°C to 85°C,85 °C,-40 °C,Yes,No,No,15x15mm,No,No,No,No,,,,,,,,,,,,,,,,,,,,,,,,,,
Intel® 82540 Gigabit Ethernet Controller,Discontinued,Q3'02,,,,,,"Wednesday, October 26, 2022",,,,Single,,,,,PCI,,,,,,,,,,,,Products formerly Kenai,"May 13, 2014",150 nm,0°C to 70°C,70 °C,0 °C,Yes,,No,15x15mm,No,No,No,No,,,,,1.4 W,,,,,,,,,,,,,,,,,,,,,
Intel® PRO/1000 PT Server Adapter Series,Discontinued,Q1'07,Server,Copper,Category-5 up to 100m,Low Profile & Full Height,,"Sunday, January 1, 2012",,,,Quad,,No,"2.5 GT/s, x4 Lane",Intel 82571GB,PCIe v1.0a (2.5 GT/s),No,No,No,No,No,,,Yes,"iSCSI, NFS",,,,,,,,,,,,,,,,,Intel® 82571EB Gigabit Ethernet Controller,,No,,12 W,,,,,,,,,,,,,,,,,,,,,
Intel® PRO/1000 PT Server Adapter Series,Discontinued,Q3'06,Server,Copper,Category-5 up to 100m,Full Height,,"Wednesday, October 26, 2022",,,,Quad,,,,,PCIe,,,,,,,,,,,,,Q3 '09,,,,,,,,,,,,,Intel® 82571EB Gigabit Ethernet Controller,,,,12.1 W,,,,,,,,,,,,,,,,,,,,,
Intel® PRO/1000 PT Server Adapter Series,Discontinued,Q4'05,Server,Copper,Category-5 up to 100m,Low Profile & Full Height,,"Friday, October 1, 2010",,,View now,Dual,,No,"2.5 GT/s, x4 Lane",Intel 82571GB,PCIe v1.0a (2.5 GT/s),No,No,No,No,No,,,Yes,"iSCSI, NFS",,,Products formerly Redwater,,,,,,,,,,,,,,Intel® 82571EB Gigabit Ethernet Controller,,No,,4.95 W,,,,,,,,,,,,,,,,,,,,,
Intel® PRO/1000 MF Server Adapter Series,Discontinued,Q3'03,Server,Fiber,,Low Profile & Full Height,,"Tuesday, July 1, 2008",,,,Dual,,No,PCI-X,Intel 82546GB,PCI-X,,,,,,,,,,,,Products formerly Eldridge,09/13,,,,,,,,,,,,,Intel® 82546GB Gigabit Ethernet Controller,,,,,,,,,,,,,,,,,,,,,,,,,
Intel® PRO/1000 MF Server Adapter Series,Discontinued,Q3'03,Server,Fiber,MMF up to 275m,Low Profile & Full Height,,"Wednesday, October 26, 2022",,,,Single,,,,,PCI-X,,,,,,,,,,,,Products formerly Baldry Mt.,,,,,,,,,,,,,,Intel® 82545GM Gigabit Ethernet Controller,,,,,,,,,,,,,,,,,,,,,,,,,
Intel® PRO/1000 MF Server Adapter Series,Discontinued,Q3'03,Server,Fiber,"SMF up to 10km, MMF up to 550m",Low Profile & Full Height,,"Wednesday, October 26, 2022",,,,Single,,,,,PCI-X,,,,,,,,,,,,Products formerly Baldry Mt.,,,,,,,,,,,,,,Intel® 82545GM Gigabit Ethernet Controller,,,,,,,,,,,,,,,,,,,,,,,,,
Intel® 82598 10 Gigabit Ethernet Controller,Discontinued,Q3'07,,,,,,"Thursday, August 2, 2012",,,,Dual,,VMDq,,,PCIe v2.0 (2.5 GT/s),,,,,,,,,,,,Products formerly Oplin,Q2'24,90 nm,0°C to 55°C,55 °C,0 °C,,Yes,Yes,31mm x 31mm,No,No,No,No,,,,"XAUI, KX, KX4, BX, CX4",6.5 W,,,,,,,,,,,,,,,,,,,,,
Intel® Ethernet Switch FM6000 Series,Discontinued,Q1'13,,,,,,"Saturday, March 31, 2018",,,,,,,,,,,,,,,,,,,"A 24 10G ports or 6 40G ports, fully-integrated, single-chip wire-speed, layer-2/3/4  Ethernet switch.",,,Q1'21,65 nm,,,,,,,42.5mm x 42.5mm,,,,,,,,,102 W,240 G,72,24,24,6,400 ns,360 M pps,8 MB,8,64 K,24 K,64K/16K,Yes,Yes,Yes,Yes,No,No,"PCIe, EBI","Data Center,FSI,HPC",No
Intel® Ethernet Switch FM6000 Series,Discontinued,Q1'13,,,,,,"Saturday, March 31, 2018",,,,,,,,,,,,,,,,,,,"A 48 10G ports or 12 40G ports, fully-integrated, single-chip wire-speed, layer-2/3/4 Ethernet switch.",,,Q1'21,65 nm,,,,,,,42.5mm x 42.5mm,,,,,,,,,142 W,480 G,72,24,48,12,400 ns,720 M pps,8 MB,8,64 K,24 K,64K/16K,Yes,Yes,Yes,Yes,No,No,"PCIe, EBI","Data Center,FSI,HPC",No
Intel® Ethernet Switch FM6000 Series,Discontinued,Q1'13,,,,,,"Saturday, March 31, 2018",,,,,,,,,,,,,,,,,,,"A 64 10G ports or 16 40G ports, fully-integrated, single-chip wire-speed, layer-2/3/4 Ethernet switch.",Base Transceiver Station,,Q1'21,90 nm,,,,,,,42.5mm x 42.5mm,,,,,,,,,195 W,640 G,72,24,64,16,400 ns,960 M pps,8 MB,8,64 K,24 K,64K/16K,Yes,Yes,Yes,Yes,Yes,No,"PCIe, EBI","Data Center,FSI,HPC",No
Intel® Ethernet Switch FM6000 Series,Discontinued,Q1'13,,,,,,"Saturday, March 31, 2018",,,,,,,,,,,,,,,,,,,"A 24 10G ports or 6 40G ports, fully-integrated, single-chip wire-speed, layer-2/3/4 Ethernet switch with SDN enhancements.",,Products formerly Alta Canyon,See Published PCN 114000,65 nm,,,,,,,42.5mm x 42.5mm,,,,,,,,,102 W,240 G,72,24,24,6,400 ns,360 M pps,8 MB,8,64 K,24 K,64K/16K,Yes,Yes,Yes,Yes,No,No,"PCIe, EBI",SDN,No
Intel® Ethernet Switch FM6000 Series,Discontinued,Q1'13,,,,,,"Saturday, March 31, 2018",,,,,,,,,,,,,,,,,,,"A 64 10G ports or 16 40G ports, fully-integrated, single-chip wire-speed, layer-2/3/4 Ethernet switch with SDN enhancements",,Products formerly Alta Canyon,See Published PCN 114000,65 nm,,,,,,,42.5mm x 42.5mm,,,,,,,,,195 W,640 G,72,24,64,16,400 ns,960 M pps,8 MB,8,64 K,24 K,64K/16K,Yes,Yes,Yes,Yes,No,No,"PCIe, EBI",SDN,No
Intel® Ethernet Switch FM5000 Series,Discontinued,Q1'13,,,,,,"Saturday, March 31, 2018",$463.00,,,,,,,,,,,,,,,,,,"A 64 2.5G ports plus 8 10G or 2 40G ports, fully-integrated, single-chip wire-speed, layer-2/3/4 Ethernet switch.",,Products formerly Alta Canyon,Q1'21,65 nm,,,,,,,42.5mm x 42.5mm,,,,,,,,,102 W,240 G,72,2,8,2,400 ns,360 M pps,8 MB,8,64 K,24 K,64K/16K,Yes,Yes,Yes,Yes,No,No,"PCIe, EBI",Micro Servers,No
Intel® Ethernet Switch FM4000 Series,Discontinued,Q1'08,,,,,,"Monday, January 7, 2013",,,,,,,,,,,,,,,,,,,"A 24-port, fully-integrated, single-chip wire-speed, layer-2/3/4, 10G/2.5G/1G Ethernet switch.",,,06/07/2016 (see published PCN),130 nm,,,,,,,,,,,,,,,,47 W,240 G,24,24,,,300 ns,360 M pps,2 MB,8,16 K,16 K,16K/4K,No,Yes,Yes,Yes,No,No,EBI,"Data Center,FSI,HPC",Yes
Intel® Ethernet Switch FM4000 Series,Discontinued,Q1'08,,,,,,"Sunday, January 6, 2013",,,,,,,,,,,,,,,,,,,"A 12 10G port, fully-integrated, single-chip wire-speed, layer-2/3/4, 10G/2.5G/1G Ethernet switch.",,,2H'18,130 nm,,,,Yes,,,,,,,,,,,,30 W,120 G,12,12,,,300 ns,180 M pps,2 MB,8,16 K,16 K,16K/4K,No,Yes,Yes,Yes,No,No,EBI,"Data Center,FSI,HPC",
Intel® Ethernet Switch FM4000 Series,Discontinued,Q1'08,,,,,,"Saturday, January 5, 2013",,,,,,,,,,,,,,,,,,,"An 2 10GbE ports and 16 1GbE ports, fully-integrated, single-chip wire-speed, layer-2/3/4, 10GbE/2.5GbE/1GbE Ethernet switch.",,Products formerly Bali,1H'21,130 nm,,,,,,,,,,,,,,,,17 W,36 G,18,2,,,300 ns,54 M pps,2 MB,8,16 K,16 K,16K/4K,No,Yes,Yes,Yes,No,No,EBI,Data Center,
Intel® Ethernet Switch FM4000 Series,Discontinued,Q1'08,,,,,,"Saturday, January 5, 2013",,,,,,,,,,,,,,,,,,,"An 8 10GbE ports and 16 1GbE ports, fully-integrated, single-chip wire-speed, layer-2/3/4, 10GbE/2.5GbE/1GbE Ethernet switch.",,,06/07/2016 (see published PCN),130 nm,,,,,,,,,,,,,,,,27.5 W,96 G,24,8,,,300 ns,144 M pps,2 MB,8,16 K,16 K,16K/4K,No,Yes,Yes,Yes,No,No,EBI,"Data Center,FSI,HPC",
Intel® Ethernet Switch FM4000 Series,Discontinued,Q1'08,,,,,,"Friday, January 4, 2013",,,,,,,,,,,,,,,,,,,"A 24-port, fully-integrated, single-chip wire-speed, layer-2/3/4, 10G/2.5G/1G Ethernet switch.",,,2H'18,130 nm,,,,,,,,,,,,,,,,26 W,90 G,16,8,,,300 ns,95 M pps,2 MB,8,16 K,16 K,16K/4K,No,Yes,Yes,Yes,No,No,EBI,"Data Center,FSI,HPC",
Intel® Ethernet Switch FM2000 Series,Discontinued,Q1'06,,,,,,"Friday, January 7, 2011",,,,,,,,,,,,,,,,,,,"A 24-port, fully-integrated, single-chip wire-speed, layer-2, 10G/2.5G/1G Ethernet switch.",,,1H'14,130 nm,,,,No,,,,,,,,,,,,23.5 W,240 G,24,24,,,200 ns,360 M pps,1 MB,4,16 K,,,No,No,No,No,No,No,EBI,"Data Center,FSI,HPC",
Intel® Ethernet Switch FM2000 Series,Discontinued,Q1'06,,,,,,"Thursday, January 6, 2011",,,,,,,,,,,,,,,,,,,"A 12-port, fully-integrated, single-chip wire-speed, layer-2, 10G/2.5G/1G Ethernet switch.",,,1H'14,130 nm,,,,No,,,,,,,,,,,,18 W,120 G,12,12,,,200 ns,180 M pps,1 MB,4,16 K,,,No,No,No,No,No,No,EBI,"Data Center,FSI,HPC",
Intel® Ethernet Switch FM2000 Series,Discontinued,Q1'06,,,,,,"Wednesday, January 5, 2011",,,,,,,,,,,,,,,,,,,"An 8 10G ports and 16 1G ports fully-integrated, single-chip wire-speed, layer-2, 10G/2.5G/1G Ethernet switch.",,,06/07/2016 (see published PCN),130 nm,,,,No,,,,,,,,,,,,14.3 W,96 G,24,8,,,200 ns,144 M pps,1 MB,4,16 K,,,No,No,No,No,No,No,EBI,"Data Center,FSI,HPC",
Intel® Fast Ethernet Network Connections,Discontinued,Q2'09,,,,,,"Tuesday, April 1, 2014",,,,Single,,,,,GLCI/LCI,,,,,,,,,,,,Products formerly Woodinville,,130 nm,0°C to 85°C,85 °C,0 °C,,No,No,5x5,No,No,No,No,,,,,0.3 W,,,,,,,,,,,,,,,,,,,,,
Intel® Fast Ethernet Network Connections,Discontinued,Q1'06,,,,,,"Saturday, January 1, 2011",,,,Single,,,,,GLCI/LCI,,,,,,,,,,,,Products formerly Ekron,,350 nm,0°C to 85°C,85 °C,0 °C,Yes,,,10x10mm,,,,,,,,,,,,,,,,,,,,,,,,,,,,,,
Intel® Fast Ethernet Network Connections,Discontinued,Q4'04,,,,,,"Thursday, October 1, 2009",,,,Single,,,,,PCI,,,,,,,,,,,,Products formerly Lavon,,350 nm,-40°C to 85°C,85 °C,-40 °C,,No,No,15x15mm,No,No,No,No,,,,,0.61 W,,,,,,,,,,,,,,,,,,,,,
Intel® Fast Ethernet Network Connections,Discontinued,Q3'04,,,,,,"Tuesday, September 1, 2009",,,,Single,,,,,GLCI/LCI,,,,,,,,,,,,Products formerly Ekron,,350 nm,0°C to 85°C,85 °C,0 °C,Yes,No,No,16x8mm,No,No,No,No,,,,,0.3 W,,,,,,,,,,,,,,,,,,,,,
Intel® Fast Ethernet Network Connections,Discontinued,Q3'04,,,,,,"Tuesday, September 1, 2009",,,,,,,,,,,,,,,,,,,,,Products formerly Ekron,,350 nm,,,,Yes,No,No,15x15mm,No,No,No,No,,,,,0.3 W,,,,,,,,,,,,,,,,,,,,,
Intel® Fast Ethernet Network Connections,Discontinued,Q2'02,,,,,,"Sunday, April 1, 2007",,,,Single,,,,,GLCI/LCI,,,,,,,,,,,,Products formerly Kinnereth,,350 nm,0°C to 85°C,85 °C,0 °C,Yes,No,No,15x15mm,No,No,No,No,,,,,0.3 W,,,,,,,,,,,,,,,,,,,,,
Intel® Fast Ethernet Network Connections,Discontinued,Q1'02,,,,,,"Tuesday, January 2, 2007",,,,Single,,,,,PCI,,,,,,,,,,,,Products formerly Lavon,,350 nm,0°C to 85°C,85 °C,0 °C,,No,No,15x15mm,No,No,No,No,,,,,0.61 W,,,,,,,,,,,,,,,,,,,,,
Intel® Fast Ethernet Network Connections,Discontinued,Q1'02,,,,,,"Tuesday, January 2, 2007",,,,Single,,,,,PCI,,,,,,,,,,,,Products formerly Lavon,,350 nm,0°C to 85°C,85 °C,0 °C,,No,No,15x15mm,No,No,No,No,,,,,0.61 W,,,,,,,,,,,,,,,,,,,,,
Intel® Fast Ethernet Network Connections,Discontinued,Q2'00,,,,,,"Friday, April 1, 2005",,,,Single,,,,,GLCI/LCI,,,,,,,,,,,,Products formerly Kinnereth,,350 nm,0°C to 85°C,85 °C,0 °C,Yes,No,No,9x9mm,No,No,No,No,,,,,0.3 W,,,,,,,,,,,,,,,,,,,,,
Intel® Fast Ethernet Network Connections,Discontinued,Q2'00,,,,,,"Friday, April 1, 2005",,,,Single,,,,,GLCI/LCI,,,,,,,,,,,,Products formerly Kinnereth,,350 nm,0°C to 85°C,85 °C,0 °C,Yes,No,No,16x8mm,No,No,No,No,,,,,0.3 W,,,,,,,,,,,,,,,,,,,,,
Intel® Fast Ethernet Network Connections,Discontinued,Q4'99,,,,,,"Monday, October 4, 2004",,,,Single,,,,,PCI,,,,,,,,,,,,Products formerly D101,,350 nm,0°C to 85°C,85 °C,0 °C,,No,No,15x15mm,No,No,No,No,,,,,,,,,,,,,,,,,,,,,,,,,,
Intel® PRO/100 S Server Adapter Series,Discontinued,Q2'02,Server,Copper,Category-5 up to 100m,Full Height,,"Wednesday, October 26, 2022",,,,Dual,,,,,PCI,,,,,,,,,,,,Products formerly Gainesville,,,,,,,,,,,,,,,,,,,,,,,,,,,,,,,,,,,,,,,
Intel® PRO/100 S Server Adapter Series,Discontinued,Q2'02,Server,Copper,Category-5 up to 100m,Full Height,,"Wednesday, October 26, 2022",,,,Single,,,,,PCI,,,,,,,,,,,,Products formerly South Bend,,,,,,,,,,,,,,,,,,,,,,,,,,,,,,,,,,,,,,,
