,Product Collection,Processor Number,Code Name,Total Cores,Launch Date,Intel® VT-x with Extended Page Tables (EPT) ‡,Vertical Segment,Intel® Virtualization Technology with Redirect Protection (VT-rp) ‡,Intel® Virtualization Technology (VT-x) ‡,Intel® Virtualization Technology for Directed I/O (VT-d) ‡,Quarter,Year
0,5th Generation Intel® Xeon® Scalable Processors,3508U,Products formerly Sapphire Rapids,8,Q4'23,Yes,Server,nan,Yes,Yes,4,23
1,5th Generation Intel® Xeon® Scalable Processors,5512U,Products formerly Emerald Rapids,28,Q4'23,Yes,Server,nan,Yes,Yes,4,23
2,5th Generation Intel® Xeon® Scalable Processors,5515+,Products formerly Emerald Rapids,8,Q4'23,Yes,Server,nan,Yes,Yes,4,23
3,5th Generation Intel® Xeon® Scalable Processors,5520+,Products formerly Emerald Rapids,28,Q4'23,Yes,Server,nan,Yes,Yes,4,23
4,5th Generation Intel® Xeon® Scalable Processors,6526Y,Products formerly Emerald Rapids,16,Q4'23,Yes,Server,nan,Yes,Yes,4,23
5,5th Generation Intel® Xeon® Scalable Processors,6530,Products formerly Emerald Rapids,32,Q4'23,Yes,Server,nan,Yes,Yes,4,23
6,5th Generation Intel® Xeon® Scalable Processors,6534,Products formerly Emerald Rapids,8,Q4'23,Yes,Server,nan,Yes,Yes,4,23
7,5th Generation Intel® Xeon® Scalable Processors,6538N,Products formerly Emerald Rapids,32,Q4'23,Yes,Server,nan,Yes,Yes,4,23
8,5th Generation Intel® Xeon® Scalable Processors,6538Y+,Products formerly Emerald Rapids,32,Q4'23,Yes,Server,nan,Yes,Yes,4,23
9,5th Generation Intel® Xeon® Scalable Processors,6542Y,Products formerly Emerald Rapids,24,Q4'23,Yes,Server,nan,Yes,Yes,4,23
10,5th Generation Intel® Xeon® Scalable Processors,6544Y,Products formerly Emerald Rapids,16,Q4'23,Yes,Server,nan,Yes,Yes,4,23
11,5th Generation Intel® Xeon® Scalable Processors,6548N,Products formerly Emerald Rapids,32,Q4'23,Yes,Server,nan,Yes,Yes,4,23
12,5th Generation Intel® Xeon® Scalable Processors,6548Y+,Products formerly Emerald Rapids,32,Q4'23,Yes,Server,nan,Yes,Yes,4,23
13,5th Generation Intel® Xeon® Scalable Processors,6554S,Products formerly Emerald Rapids,36,Q4'23,Yes,Server,nan,Yes,Yes,4,23
14,5th Generation Intel® Xeon® Scalable Processors,6558Q,Products formerly Emerald Rapids,32,Q4'23,Yes,Server,nan,Yes,Yes,4,23
15,5th Generation Intel® Xeon® Scalable Processors,8558,Products formerly Emerald Rapids,48,Q4'23,Yes,Server,nan,Yes,Yes,4,23
16,5th Generation Intel® Xeon® Scalable Processors,8558P,Products formerly Emerald Rapids,48,Q4'23,Yes,Server,nan,Yes,Yes,4,23
17,5th Generation Intel® Xeon® Scalable Processors,8558U,Products formerly Emerald Rapids,48,Q4'23,Yes,Server,nan,Yes,Yes,4,23
18,5th Generation Intel® Xeon® Scalable Processors,8562Y+,Products formerly Emerald Rapids,32,Q4'23,Yes,Server,nan,Yes,Yes,4,23
19,5th Generation Intel® Xeon® Scalable Processors,8568Y+,Products formerly Emerald Rapids,48,Q4'23,Yes,Server,nan,Yes,Yes,4,23
20,5th Generation Intel® Xeon® Scalable Processors,8570,Products formerly Emerald Rapids,56,Q4'23,Yes,Server,nan,Yes,Yes,4,23
21,5th Generation Intel® Xeon® Scalable Processors,8571N,Products formerly Emerald Rapids,52,Q4'23,Yes,Server,nan,Yes,Yes,4,23
22,5th Generation Intel® Xeon® Scalable Processors,8580,Products formerly Emerald Rapids,60,Q4'23,Yes,Server,nan,Yes,Yes,4,23
23,5th Generation Intel® Xeon® Scalable Processors,8581V,Products formerly Emerald Rapids,60,Q4'23,Yes,Server,nan,Yes,Yes,4,23
24,5th Generation Intel® Xeon® Scalable Processors,8592+,Products formerly Emerald Rapids,64,Q4'23,Yes,Server,nan,Yes,Yes,4,23
25,5th Generation Intel® Xeon® Scalable Processors,8592V,Products formerly Emerald Rapids,64,Q4'23,Yes,Server,nan,Yes,Yes,4,23
26,5th Generation Intel® Xeon® Scalable Processors,8593Q,Products formerly Emerald Rapids,64,Q4'23,Yes,Server,nan,Yes,Yes,4,23
27,5th Generation Intel® Xeon® Scalable Processors,4509Y,Products formerly Sapphire Rapids,8,Q4'23,Yes,Server,nan,Yes,Yes,4,23
28,5th Generation Intel® Xeon® Scalable Processors,4510,Products formerly Sapphire Rapids,12,Q4'23,Yes,Server,nan,Yes,Yes,4,23
29,5th Generation Intel® Xeon® Scalable Processors,4510T,Products formerly Sapphire Rapids,12,Q4'23,Yes,Server,nan,Yes,Yes,4,23
30,5th Generation Intel® Xeon® Scalable Processors,4514Y,Products formerly Emerald Rapids,16,Q4'23,Yes,Server,nan,Yes,Yes,4,23
31,5th Generation Intel® Xeon® Scalable Processors,4516Y+,Products formerly Emerald Rapids,24,Q4'23,Yes,Server,nan,Yes,Yes,4,23
32,4th Generation Intel® Xeon® Scalable Processors,5403N,Products formerly Sapphire Rapids Edge Enhanced,12,Q4'23,Yes,Server,nan,Yes,Yes,4,23
33,Intel® Xeon® E Processor,E-2414,Products formerly Raptor Lake,4,Q4'23,Yes,Server,Yes,Yes,Yes,4,23
34,Intel® Xeon® E Processor,E-2434,Products formerly Raptor Lake,4,Q4'23,Yes,Server,Yes,Yes,Yes,4,23
35,Intel® Xeon® E Processor,E-2436,Products formerly Raptor Lake,6,Q4'23,Yes,Server,Yes,Yes,Yes,4,23
36,Intel® Xeon® E Processor,E-2456,Products formerly Raptor Lake,6,Q4'23,Yes,Server,Yes,Yes,Yes,4,23
37,Intel® Xeon® E Processor,E-2468,Products formerly Raptor Lake,8,Q4'23,Yes,Server,Yes,Yes,Yes,4,23
38,Intel® Xeon® E Processor,E-2478,Products formerly Raptor Lake,8,Q4'23,Yes,Server,Yes,Yes,Yes,4,23
39,Intel® Xeon® E Processor,E-2486,Products formerly Raptor Lake,6,Q4'23,Yes,Server,Yes,Yes,Yes,4,23
40,Intel® Xeon® E Processor,E-2488,Products formerly Raptor Lake,8,Q4'23,Yes,Server,Yes,Yes,Yes,4,23
41,Intel® Xeon® D Processor,D-1813NT,Products formerly Ice Lake,4,Q4'23,nan,Server,nan,Yes,Yes,4,23
42,Intel® Xeon® D Processor,D-1823NT,Products formerly ICE LAKE,6,Q4'23,nan,Server,nan,Yes,Yes,4,23
43,Intel® Xeon® D Processor,D-1834,Products formerly ICE LAKE,8,Q4'23,nan,Server,nan,Yes,Yes,4,23
44,Intel® Xeon® D Processor,D-1844NT,Products formerly ICE LAKE,10,Q4'23,nan,Server,nan,Yes,Yes,4,23
45,Intel® Xeon® D Processor,D-1846,Products formerly ICE LAKE,10,Q4'23,nan,Server,nan,Yes,Yes,4,23
46,Intel® Xeon® D Processor,D-1848TER,Products formerly Ice Lake,10,Q4'23,nan,Server,nan,Yes,Yes,4,23
47,Intel® Xeon® D Processor,D-2832NT,Products formerly ICE LAKE,8,Q4'23,nan,Server,nan,Yes,Yes,4,23
48,Intel® Xeon® D Processor,D-2843NT,Products formerly ICE LAKE,10,Q4'23,nan,Server,nan,Yes,Yes,4,23
49,Intel® Xeon® D Processor,D-2876NT,Products formerly Ice Lake,16,Q4'23,nan,Server,nan,Yes,Yes,4,23
50,Intel® Xeon® D Processor,D-2896NT,Products formerly ICE LAKE,20,Q4'23,nan,Server,nan,Yes,Yes,4,23
51,Intel® Xeon® D Processor,D-2896TER,Products formerly Ice Lake,20,Q4'23,nan,Server,nan,Yes,Yes,4,23
52,Intel® Xeon® D Processor,D-2899NT,Products formerly ICE LAKE,22,Q4'23,nan,Server,nan,Yes,Yes,4,23
53,5th Generation Intel® Xeon® Scalable Processors,3508U,Products formerly Sapphire Rapids,8,Q4'23,Yes,Server,nan,Yes,Yes,4,23
54,5th Generation Intel® Xeon® Scalable Processors,5512U,Products formerly Emerald Rapids,28,Q4'23,Yes,Server,nan,Yes,Yes,4,23
55,5th Generation Intel® Xeon® Scalable Processors,5515+,Products formerly Emerald Rapids,8,Q4'23,Yes,Server,nan,Yes,Yes,4,23
56,5th Generation Intel® Xeon® Scalable Processors,5520+,Products formerly Emerald Rapids,28,Q4'23,Yes,Server,nan,Yes,Yes,4,23
57,5th Generation Intel® Xeon® Scalable Processors,6526Y,Products formerly Emerald Rapids,16,Q4'23,Yes,Server,nan,Yes,Yes,4,23
58,5th Generation Intel® Xeon® Scalable Processors,6530,Products formerly Emerald Rapids,32,Q4'23,Yes,Server,nan,Yes,Yes,4,23
59,5th Generation Intel® Xeon® Scalable Processors,6534,Products formerly Emerald Rapids,8,Q4'23,Yes,Server,nan,Yes,Yes,4,23
60,5th Generation Intel® Xeon® Scalable Processors,6538N,Products formerly Emerald Rapids,32,Q4'23,Yes,Server,nan,Yes,Yes,4,23
61,5th Generation Intel® Xeon® Scalable Processors,6538Y+,Products formerly Emerald Rapids,32,Q4'23,Yes,Server,nan,Yes,Yes,4,23
62,5th Generation Intel® Xeon® Scalable Processors,6542Y,Products formerly Emerald Rapids,24,Q4'23,Yes,Server,nan,Yes,Yes,4,23
63,5th Generation Intel® Xeon® Scalable Processors,6544Y,Products formerly Emerald Rapids,16,Q4'23,Yes,Server,nan,Yes,Yes,4,23
64,5th Generation Intel® Xeon® Scalable Processors,6548N,Products formerly Emerald Rapids,32,Q4'23,Yes,Server,nan,Yes,Yes,4,23
65,5th Generation Intel® Xeon® Scalable Processors,6548Y+,Products formerly Emerald Rapids,32,Q4'23,Yes,Server,nan,Yes,Yes,4,23
66,5th Generation Intel® Xeon® Scalable Processors,6554S,Products formerly Emerald Rapids,36,Q4'23,Yes,Server,nan,Yes,Yes,4,23
67,5th Generation Intel® Xeon® Scalable Processors,6558Q,Products formerly Emerald Rapids,32,Q4'23,Yes,Server,nan,Yes,Yes,4,23
68,5th Generation Intel® Xeon® Scalable Processors,8558,Products formerly Emerald Rapids,48,Q4'23,Yes,Server,nan,Yes,Yes,4,23
69,5th Generation Intel® Xeon® Scalable Processors,8558P,Products formerly Emerald Rapids,48,Q4'23,Yes,Server,nan,Yes,Yes,4,23
70,5th Generation Intel® Xeon® Scalable Processors,8558U,Products formerly Emerald Rapids,48,Q4'23,Yes,Server,nan,Yes,Yes,4,23
71,5th Generation Intel® Xeon® Scalable Processors,8562Y+,Products formerly Emerald Rapids,32,Q4'23,Yes,Server,nan,Yes,Yes,4,23
72,5th Generation Intel® Xeon® Scalable Processors,8568Y+,Products formerly Emerald Rapids,48,Q4'23,Yes,Server,nan,Yes,Yes,4,23
73,5th Generation Intel® Xeon® Scalable Processors,8570,Products formerly Emerald Rapids,56,Q4'23,Yes,Server,nan,Yes,Yes,4,23
74,5th Generation Intel® Xeon® Scalable Processors,8571N,Products formerly Emerald Rapids,52,Q4'23,Yes,Server,nan,Yes,Yes,4,23
75,5th Generation Intel® Xeon® Scalable Processors,8580,Products formerly Emerald Rapids,60,Q4'23,Yes,Server,nan,Yes,Yes,4,23
76,5th Generation Intel® Xeon® Scalable Processors,8581V,Products formerly Emerald Rapids,60,Q4'23,Yes,Server,nan,Yes,Yes,4,23
77,5th Generation Intel® Xeon® Scalable Processors,8592+,Products formerly Emerald Rapids,64,Q4'23,Yes,Server,nan,Yes,Yes,4,23
78,5th Generation Intel® Xeon® Scalable Processors,8592V,Products formerly Emerald Rapids,64,Q4'23,Yes,Server,nan,Yes,Yes,4,23
79,5th Generation Intel® Xeon® Scalable Processors,8593Q,Products formerly Emerald Rapids,64,Q4'23,Yes,Server,nan,Yes,Yes,4,23
80,5th Generation Intel® Xeon® Scalable Processors,4509Y,Products formerly Sapphire Rapids,8,Q4'23,Yes,Server,nan,Yes,Yes,4,23
81,5th Generation Intel® Xeon® Scalable Processors,4510,Products formerly Sapphire Rapids,12,Q4'23,Yes,Server,nan,Yes,Yes,4,23
82,5th Generation Intel® Xeon® Scalable Processors,4510T,Products formerly Sapphire Rapids,12,Q4'23,Yes,Server,nan,Yes,Yes,4,23
83,5th Generation Intel® Xeon® Scalable Processors,4514Y,Products formerly Emerald Rapids,16,Q4'23,Yes,Server,nan,Yes,Yes,4,23
84,5th Generation Intel® Xeon® Scalable Processors,4516Y+,Products formerly Emerald Rapids,24,Q4'23,Yes,Server,nan,Yes,Yes,4,23
85,4th Generation Intel® Xeon® Scalable Processors,5403N,Products formerly Sapphire Rapids Edge Enhanced,12,Q4'23,Yes,Server,nan,Yes,Yes,4,23
86,Intel® Xeon® E Processor,E-2414,Products formerly Raptor Lake,4,Q4'23,Yes,Server,Yes,Yes,Yes,4,23
87,Intel® Xeon® E Processor,E-2434,Products formerly Raptor Lake,4,Q4'23,Yes,Server,Yes,Yes,Yes,4,23
88,Intel® Xeon® E Processor,E-2436,Products formerly Raptor Lake,6,Q4'23,Yes,Server,Yes,Yes,Yes,4,23
89,Intel® Xeon® E Processor,E-2456,Products formerly Raptor Lake,6,Q4'23,Yes,Server,Yes,Yes,Yes,4,23
90,Intel® Xeon® E Processor,E-2468,Products formerly Raptor Lake,8,Q4'23,Yes,Server,Yes,Yes,Yes,4,23
91,Intel® Xeon® E Processor,E-2478,Products formerly Raptor Lake,8,Q4'23,Yes,Server,Yes,Yes,Yes,4,23
92,Intel® Xeon® E Processor,E-2486,Products formerly Raptor Lake,6,Q4'23,Yes,Server,Yes,Yes,Yes,4,23
93,Intel® Xeon® E Processor,E-2488,Products formerly Raptor Lake,8,Q4'23,Yes,Server,Yes,Yes,Yes,4,23
94,Intel® Xeon® D Processor,D-1813NT,Products formerly Ice Lake,4,Q4'23,nan,Server,nan,Yes,Yes,4,23
95,Intel® Xeon® D Processor,D-1823NT,Products formerly ICE LAKE,6,Q4'23,nan,Server,nan,Yes,Yes,4,23
96,Intel® Xeon® D Processor,D-1834,Products formerly ICE LAKE,8,Q4'23,nan,Server,nan,Yes,Yes,4,23
97,Intel® Xeon® D Processor,D-1844NT,Products formerly ICE LAKE,10,Q4'23,nan,Server,nan,Yes,Yes,4,23
98,Intel® Xeon® D Processor,D-1846,Products formerly ICE LAKE,10,Q4'23,nan,Server,nan,Yes,Yes,4,23
99,Intel® Xeon® D Processor,D-1848TER,Products formerly Ice Lake,10,Q4'23,nan,Server,nan,Yes,Yes,4,23
100,Intel® Xeon® D Processor,D-2832NT,Products formerly ICE LAKE,8,Q4'23,nan,Server,nan,Yes,Yes,4,23
101,Intel® Xeon® D Processor,D-2843NT,Products formerly ICE LAKE,10,Q4'23,nan,Server,nan,Yes,Yes,4,23
102,Intel® Xeon® D Processor,D-2876NT,Products formerly Ice Lake,16,Q4'23,nan,Server,nan,Yes,Yes,4,23
103,Intel® Xeon® D Processor,D-2896NT,Products formerly ICE LAKE,20,Q4'23,nan,Server,nan,Yes,Yes,4,23
104,Intel® Xeon® D Processor,D-2896TER,Products formerly Ice Lake,20,Q4'23,nan,Server,nan,Yes,Yes,4,23
105,Intel® Xeon® D Processor,D-2899NT,Products formerly Ice Lake,22,Q4'23,nan,Server,nan,Yes,Yes,4,23
106,4th Generation Intel® Xeon® Scalable Processors,6403N,Products formerly Sapphire Rapids Edge Enhanced,24,Q3'23,Yes,Server,nan,Yes,Yes,3,23
107,4th Generation Intel® Xeon® Scalable Processors,6423N,Products formerly Sapphire Rapids Edge Enhanced,28,Q3'23,Yes,Server,nan,Yes,Yes,3,23
108,4th Generation Intel® Xeon® Scalable Processors,6433N,Products formerly Sapphire Rapids Edge Enhanced,32,Q3'23,Yes,Server,nan,Yes,Yes,3,23
109,4th Generation Intel® Xeon® Scalable Processors,6433NE,Products formerly Sapphire Rapids Edge Enhanced,32,Q3'23,Yes,Server,nan,Yes,Yes,3,23
110,4th Generation Intel® Xeon® Scalable Processors,6443N,Products formerly Sapphire Rapids Edge Enhanced,32,Q3'23,Yes,Server,nan,Yes,Yes,3,23
111,4th Generation Intel® Xeon® Scalable Processors,6403N,Products formerly Sapphire Rapids Edge Enhanced,24,Q3'23,Yes,Server,nan,Yes,Yes,3,23
112,4th Generation Intel® Xeon® Scalable Processors,6423N,Products formerly Sapphire Rapids Edge Enhanced,28,Q3'23,Yes,Server,nan,Yes,Yes,3,23
113,4th Generation Intel® Xeon® Scalable Processors,6433N,Products formerly Sapphire Rapids Edge Enhanced,32,Q3'23,Yes,Server,nan,Yes,Yes,3,23
114,4th Generation Intel® Xeon® Scalable Processors,6433NE,Products formerly Sapphire Rapids Edge Enhanced,32,Q3'23,Yes,Server,nan,Yes,Yes,3,23
115,4th Generation Intel® Xeon® Scalable Processors,6443N,Products formerly Sapphire Rapids Edge Enhanced,32,Q3'23,Yes,Server,nan,Yes,Yes,3,23
116,4th Generation Intel® Xeon® Scalable Processors,8444H,Products formerly Sapphire Rapids,16,Q1'23,Yes,Server,nan,Yes,Yes,1,23
117,4th Generation Intel® Xeon® Scalable Processors,8450H,Products formerly Sapphire Rapids,28,Q1'23,Yes,Server,nan,Yes,Yes,1,23
118,4th Generation Intel® Xeon® Scalable Processors,8452Y,Products formerly Sapphire Rapids,36,Q1'23,Yes,Server,nan,Yes,Yes,1,23
119,4th Generation Intel® Xeon® Scalable Processors,8454H,Products formerly Sapphire Rapids,32,Q1'23,Yes,Server,nan,Yes,Yes,1,23
120,4th Generation Intel® Xeon® Scalable Processors,8458P,Products formerly Sapphire Rapids,44,Q1'23,Yes,Server,nan,Yes,Yes,1,23
121,4th Generation Intel® Xeon® Scalable Processors,8460H,Products formerly Sapphire Rapids,40,Q1'23,Yes,Server,nan,Yes,Yes,1,23
122,4th Generation Intel® Xeon® Scalable Processors,8460Y+,Products formerly Sapphire Rapids,40,Q1'23,Yes,Server,nan,Yes,Yes,1,23
123,4th Generation Intel® Xeon® Scalable Processors,8461V,Products formerly Sapphire Rapids,48,Q1'23,Yes,Server,nan,Yes,Yes,1,23
124,4th Generation Intel® Xeon® Scalable Processors,8462Y+,Products formerly Sapphire Rapids,32,Q1'23,Yes,Server,nan,Yes,Yes,1,23
125,4th Generation Intel® Xeon® Scalable Processors,8468,Products formerly Sapphire Rapids,48,Q1'23,Yes,Server,nan,Yes,Yes,1,23
126,4th Generation Intel® Xeon® Scalable Processors,8468H,Products formerly Sapphire Rapids,48,Q1'23,Yes,Server,nan,Yes,Yes,1,23
127,4th Generation Intel® Xeon® Scalable Processors,8468V,Products formerly Sapphire Rapids,48,Q1'23,Yes,Server,nan,Yes,Yes,1,23
128,4th Generation Intel® Xeon® Scalable Processors,8470,Products formerly Sapphire Rapids,52,Q1'23,Yes,Server,nan,Yes,Yes,1,23
129,4th Generation Intel® Xeon® Scalable Processors,8470N,Products formerly Sapphire Rapids,52,Q1'23,Yes,Server,nan,Yes,Yes,1,23
130,4th Generation Intel® Xeon® Scalable Processors,8470Q,Products formerly Sapphire Rapids,52,Q1'23,Yes,Server,nan,Yes,Yes,1,23
131,4th Generation Intel® Xeon® Scalable Processors,8471N,Products formerly Sapphire Rapids,52,Q1'23,Yes,Server,nan,Yes,Yes,1,23
132,4th Generation Intel® Xeon® Scalable Processors,8480+,Products formerly Sapphire Rapids,56,Q1'23,Yes,Server,nan,Yes,Yes,1,23
133,4th Generation Intel® Xeon® Scalable Processors,8490H,Products formerly Sapphire Rapids,60,Q1'23,Yes,Server,nan,Yes,Yes,1,23
134,4th Generation Intel® Xeon® Scalable Processors,5411N,Products formerly Sapphire Rapids,24,Q1'23,Yes,Server,nan,Yes,Yes,1,23
135,4th Generation Intel® Xeon® Scalable Processors,5412U,Products formerly Sapphire Rapids,24,Q1'23,Yes,Server,nan,Yes,Yes,1,23
136,4th Generation Intel® Xeon® Scalable Processors,5415+,Products formerly Sapphire Rapids,8,Q1'23,Yes,Server,nan,Yes,Yes,1,23
137,4th Generation Intel® Xeon® Scalable Processors,5416S,Products formerly Sapphire Rapids,16,Q1'23,Yes,Server,nan,Yes,Yes,1,23
138,4th Generation Intel® Xeon® Scalable Processors,5418N,Products formerly Sapphire Rapids,24,Q1'23,Yes,Server,nan,Yes,Yes,1,23
139,4th Generation Intel® Xeon® Scalable Processors,5418Y,Products formerly Sapphire Rapids,24,Q1'23,Yes,Server,nan,Yes,Yes,1,23
140,4th Generation Intel® Xeon® Scalable Processors,5420+,Products formerly Sapphire Rapids,28,Q1'23,Yes,Server,nan,Yes,Yes,1,23
141,4th Generation Intel® Xeon® Scalable Processors,5423N,Products formerly Sapphire Rapids Edge Enhanced,20,Q1'23,Yes,Server,nan,Yes,Yes,1,23
142,4th Generation Intel® Xeon® Scalable Processors,5433N,Products formerly Sapphire Rapids Edge Enhanced,20,Q1'23,Yes,Server,nan,Yes,Yes,1,23
143,4th Generation Intel® Xeon® Scalable Processors,6414U,Products formerly Sapphire Rapids,32,Q1'23,Yes,Server,nan,Yes,Yes,1,23
144,4th Generation Intel® Xeon® Scalable Processors,6416H,Products formerly Sapphire Rapids,18,Q1'23,Yes,Server,nan,Yes,Yes,1,23
145,4th Generation Intel® Xeon® Scalable Processors,6418H,Products formerly Sapphire Rapids,24,Q1'23,Yes,Server,nan,Yes,Yes,1,23
146,4th Generation Intel® Xeon® Scalable Processors,6421N,Products formerly Sapphire Rapids,32,Q1'23,Yes,Server,nan,Yes,Yes,1,23
147,4th Generation Intel® Xeon® Scalable Processors,6426Y,Products formerly Sapphire Rapids,16,Q1'23,Yes,Server,nan,Yes,Yes,1,23
148,4th Generation Intel® Xeon® Scalable Processors,6428N,Products formerly Sapphire Rapids,32,Q1'23,Yes,Server,nan,Yes,Yes,1,23
149,4th Generation Intel® Xeon® Scalable Processors,6430,Products formerly Sapphire Rapids,32,Q1'23,Yes,Server,nan,Yes,Yes,1,23
150,4th Generation Intel® Xeon® Scalable Processors,6434,Products formerly Sapphire Rapids,8,Q1'23,Yes,Server,nan,Yes,Yes,1,23
151,4th Generation Intel® Xeon® Scalable Processors,6434H,Products formerly Sapphire Rapids,8,Q1'23,Yes,Server,nan,Yes,Yes,1,23
152,4th Generation Intel® Xeon® Scalable Processors,6438M,Products formerly Sapphire Rapids,32,Q1'23,Yes,Server,nan,Yes,Yes,1,23
153,4th Generation Intel® Xeon® Scalable Processors,6438N,Products formerly Sapphire Rapids,32,Q1'23,Yes,Server,nan,Yes,Yes,1,23
154,4th Generation Intel® Xeon® Scalable Processors,6438Y+,Products formerly Sapphire Rapids,32,Q1'23,Yes,Server,nan,Yes,Yes,1,23
155,4th Generation Intel® Xeon® Scalable Processors,6442Y,Products formerly Sapphire Rapids,24,Q1'23,Yes,Server,nan,Yes,Yes,1,23
156,4th Generation Intel® Xeon® Scalable Processors,6444Y,Products formerly Sapphire Rapids,16,Q1'23,Yes,Server,nan,Yes,Yes,1,23
157,4th Generation Intel® Xeon® Scalable Processors,6448H,Products formerly Sapphire Rapids,32,Q1'23,Yes,Server,nan,Yes,Yes,1,23
158,4th Generation Intel® Xeon® Scalable Processors,6448Y,Products formerly Sapphire Rapids,32,Q1'23,Yes,Server,nan,Yes,Yes,1,23
159,4th Generation Intel® Xeon® Scalable Processors,6454S,Products formerly Sapphire Rapids,32,Q1'23,Yes,Server,nan,Yes,Yes,1,23
160,4th Generation Intel® Xeon® Scalable Processors,6458Q,Products formerly Sapphire Rapids,32,Q1'23,Yes,Server,nan,Yes,Yes,1,23
161,4th Generation Intel® Xeon® Scalable Processors,4410T,Products formerly Sapphire Rapids,10,Q1'23,Yes,Server,nan,Yes,Yes,1,23
162,4th Generation Intel® Xeon® Scalable Processors,4410Y,Products formerly Sapphire Rapids,12,Q1'23,Yes,Server,nan,Yes,Yes,1,23
163,4th Generation Intel® Xeon® Scalable Processors,4416+,Products formerly Sapphire Rapids,20,Q1'23,Yes,Server,nan,Yes,Yes,1,23
164,4th Generation Intel® Xeon® Scalable Processors,3408U,Products formerly Sapphire Rapids,8,Q1'23,Yes,Server,nan,Yes,Yes,1,23
165,Intel® Xeon® CPU Max Series,9460,Products formerly Sapphire Rapids HBM,40,Q1'23,Yes,Server,nan,Yes,Yes,1,23
166,Intel® Xeon® CPU Max Series,9462,Products formerly Sapphire Rapids HBM,32,Q1'23,Yes,Server,nan,Yes,Yes,1,23
167,Intel® Xeon® CPU Max Series,9468,Products formerly Sapphire Rapids HBM,48,Q1'23,Yes,Server,nan,Yes,Yes,1,23
168,Intel® Xeon® CPU Max Series,9470,Products formerly Sapphire Rapids HBM,52,Q1'23,Yes,Server,nan,Yes,Yes,1,23
169,Intel® Xeon® CPU Max Series,9480,Products formerly Sapphire Rapids HBM,56,Q1'23,Yes,Server,nan,Yes,Yes,1,23
170,4th Generation Intel® Xeon® Scalable Processors,8444H,Products formerly Sapphire Rapids,16,Q1'23,Yes,Server,nan,Yes,Yes,1,23
171,4th Generation Intel® Xeon® Scalable Processors,8450H,Products formerly Sapphire Rapids,28,Q1'23,Yes,Server,nan,Yes,Yes,1,23
172,4th Generation Intel® Xeon® Scalable Processors,8452Y,Products formerly Sapphire Rapids,36,Q1'23,Yes,Server,nan,Yes,Yes,1,23
173,4th Generation Intel® Xeon® Scalable Processors,8454H,Products formerly Sapphire Rapids,32,Q1'23,Yes,Server,nan,Yes,Yes,1,23
174,4th Generation Intel® Xeon® Scalable Processors,8458P,Products formerly Sapphire Rapids,44,Q1'23,Yes,Server,nan,Yes,Yes,1,23
175,4th Generation Intel® Xeon® Scalable Processors,8460H,Products formerly Sapphire Rapids,40,Q1'23,Yes,Server,nan,Yes,Yes,1,23
176,4th Generation Intel® Xeon® Scalable Processors,8460Y+,Products formerly Sapphire Rapids,40,Q1'23,Yes,Server,nan,Yes,Yes,1,23
177,4th Generation Intel® Xeon® Scalable Processors,8461V,Products formerly Sapphire Rapids,48,Q1'23,Yes,Server,nan,Yes,Yes,1,23
178,4th Generation Intel® Xeon® Scalable Processors,8462Y+,Products formerly Sapphire Rapids,32,Q1'23,Yes,Server,nan,Yes,Yes,1,23
179,4th Generation Intel® Xeon® Scalable Processors,8468,Products formerly Sapphire Rapids,48,Q1'23,Yes,Server,nan,Yes,Yes,1,23
180,4th Generation Intel® Xeon® Scalable Processors,8468H,Products formerly Sapphire Rapids,48,Q1'23,Yes,Server,nan,Yes,Yes,1,23
181,4th Generation Intel® Xeon® Scalable Processors,8468V,Products formerly Sapphire Rapids,48,Q1'23,Yes,Server,nan,Yes,Yes,1,23
182,4th Generation Intel® Xeon® Scalable Processors,8470,Products formerly Sapphire Rapids,52,Q1'23,Yes,Server,nan,Yes,Yes,1,23
183,4th Generation Intel® Xeon® Scalable Processors,8470N,Products formerly Sapphire Rapids,52,Q1'23,Yes,Server,nan,Yes,Yes,1,23
184,4th Generation Intel® Xeon® Scalable Processors,8470Q,Products formerly Sapphire Rapids,52,Q1'23,Yes,Server,nan,Yes,Yes,1,23
185,4th Generation Intel® Xeon® Scalable Processors,8471N,Products formerly Sapphire Rapids,52,Q1'23,Yes,Server,nan,Yes,Yes,1,23
186,4th Generation Intel® Xeon® Scalable Processors,8480+,Products formerly Sapphire Rapids,56,Q1'23,Yes,Server,nan,Yes,Yes,1,23
187,4th Generation Intel® Xeon® Scalable Processors,8490H,Products formerly Sapphire Rapids,60,Q1'23,Yes,Server,nan,Yes,Yes,1,23
188,4th Generation Intel® Xeon® Scalable Processors,5411N,Products formerly Sapphire Rapids,24,Q1'23,Yes,Server,nan,Yes,Yes,1,23
189,4th Generation Intel® Xeon® Scalable Processors,5412U,Products formerly Sapphire Rapids,24,Q1'23,Yes,Server,nan,Yes,Yes,1,23
190,4th Generation Intel® Xeon® Scalable Processors,5415+,Products formerly Sapphire Rapids,8,Q1'23,Yes,Server,nan,Yes,Yes,1,23
191,4th Generation Intel® Xeon® Scalable Processors,5416S,Products formerly Sapphire Rapids,16,Q1'23,Yes,Server,nan,Yes,Yes,1,23
192,4th Generation Intel® Xeon® Scalable Processors,5418N,Products formerly Sapphire Rapids,24,Q1'23,Yes,Server,nan,Yes,Yes,1,23
193,4th Generation Intel® Xeon® Scalable Processors,5418Y,Products formerly Sapphire Rapids,24,Q1'23,Yes,Server,nan,Yes,Yes,1,23
194,4th Generation Intel® Xeon® Scalable Processors,5420+,Products formerly Sapphire Rapids,28,Q1'23,Yes,Server,nan,Yes,Yes,1,23
195,4th Generation Intel® Xeon® Scalable Processors,5423N,Products formerly Sapphire Rapids Edge Enhanced,20,Q1'23,Yes,Server,nan,Yes,Yes,1,23
196,4th Generation Intel® Xeon® Scalable Processors,5433N,Products formerly Sapphire Rapids Edge Enhanced,20,Q1'23,Yes,Server,nan,Yes,Yes,1,23
197,4th Generation Intel® Xeon® Scalable Processors,6414U,Products formerly Sapphire Rapids,32,Q1'23,Yes,Server,nan,Yes,Yes,1,23
198,4th Generation Intel® Xeon® Scalable Processors,6416H,Products formerly Sapphire Rapids,18,Q1'23,Yes,Server,nan,Yes,Yes,1,23
199,4th Generation Intel® Xeon® Scalable Processors,6418H,Products formerly Sapphire Rapids,24,Q1'23,Yes,Server,nan,Yes,Yes,1,23
200,4th Generation Intel® Xeon® Scalable Processors,6421N,Products formerly Sapphire Rapids,32,Q1'23,Yes,Server,nan,Yes,Yes,1,23
201,4th Generation Intel® Xeon® Scalable Processors,6426Y,Products formerly Sapphire Rapids,16,Q1'23,Yes,Server,nan,Yes,Yes,1,23
202,4th Generation Intel® Xeon® Scalable Processors,6428N,Products formerly Sapphire Rapids,32,Q1'23,Yes,Server,nan,Yes,Yes,1,23
203,4th Generation Intel® Xeon® Scalable Processors,6430,Products formerly Sapphire Rapids,32,Q1'23,Yes,Server,nan,Yes,Yes,1,23
204,4th Generation Intel® Xeon® Scalable Processors,6434,Products formerly Sapphire Rapids,8,Q1'23,Yes,Server,nan,Yes,Yes,1,23
205,4th Generation Intel® Xeon® Scalable Processors,6434H,Products formerly Sapphire Rapids,8,Q1'23,Yes,Server,nan,Yes,Yes,1,23
206,4th Generation Intel® Xeon® Scalable Processors,6438M,Products formerly Sapphire Rapids,32,Q1'23,Yes,Server,nan,Yes,Yes,1,23
207,4th Generation Intel® Xeon® Scalable Processors,6438N,Products formerly Sapphire Rapids,32,Q1'23,Yes,Server,nan,Yes,Yes,1,23
208,4th Generation Intel® Xeon® Scalable Processors,6438Y+,Products formerly Sapphire Rapids,32,Q1'23,Yes,Server,nan,Yes,Yes,1,23
209,4th Generation Intel® Xeon® Scalable Processors,6442Y,Products formerly Sapphire Rapids,24,Q1'23,Yes,Server,nan,Yes,Yes,1,23
210,4th Generation Intel® Xeon® Scalable Processors,6444Y,Products formerly Sapphire Rapids,16,Q1'23,Yes,Server,nan,Yes,Yes,1,23
211,4th Generation Intel® Xeon® Scalable Processors,6448H,Products formerly Sapphire Rapids,32,Q1'23,Yes,Server,nan,Yes,Yes,1,23
212,4th Generation Intel® Xeon® Scalable Processors,6448Y,Products formerly Sapphire Rapids,32,Q1'23,Yes,Server,nan,Yes,Yes,1,23
213,4th Generation Intel® Xeon® Scalable Processors,6454S,Products formerly Sapphire Rapids,32,Q1'23,Yes,Server,nan,Yes,Yes,1,23
214,4th Generation Intel® Xeon® Scalable Processors,6458Q,Products formerly Sapphire Rapids,32,Q1'23,Yes,Server,nan,Yes,Yes,1,23
215,4th Generation Intel® Xeon® Scalable Processors,4410T,Products formerly Sapphire Rapids,10,Q1'23,Yes,Server,nan,Yes,Yes,1,23
216,4th Generation Intel® Xeon® Scalable Processors,4410Y,Products formerly Sapphire Rapids,12,Q1'23,Yes,Server,nan,Yes,Yes,1,23
217,4th Generation Intel® Xeon® Scalable Processors,4416+,Products formerly Sapphire Rapids,20,Q1'23,Yes,Server,nan,Yes,Yes,1,23
218,4th Generation Intel® Xeon® Scalable Processors,3408U,Products formerly Sapphire Rapids,8,Q1'23,Yes,Server,nan,Yes,Yes,1,23
219,Intel® Xeon® CPU Max Series,9460,Products formerly Sapphire Rapids HBM,40,Q1'23,Yes,Server,nan,Yes,Yes,1,23
220,Intel® Xeon® CPU Max Series,9462,Products formerly Sapphire Rapids HBM,32,Q1'23,Yes,Server,nan,Yes,Yes,1,23
221,Intel® Xeon® CPU Max Series,9468,Products formerly Sapphire Rapids HBM,48,Q1'23,Yes,Server,nan,Yes,Yes,1,23
222,Intel® Xeon® CPU Max Series,9470,Products formerly Sapphire Rapids HBM,52,Q1'23,Yes,Server,nan,Yes,Yes,1,23
223,Intel® Xeon® CPU Max Series,9480,Products formerly Sapphire Rapids HBM,56,Q1'23,Yes,Server,nan,Yes,Yes,1,23
224,Intel® Xeon® D Processor,D-2745NX,Products formerly Ice Lake,10,Q3'22,nan,Server,nan,Yes,Yes,3,22
225,Intel® Xeon® D Processor,D-2757NX,Products formerly Ice Lake,12,Q3'22,nan,Server,nan,Yes,Yes,3,22
226,Intel® Xeon® D Processor,D-2777NX,Products formerly Ice Lake,16,Q3'22,nan,Server,nan,Yes,Yes,3,22
227,Intel® Xeon® D Processor,D-2798NX,Products formerly Ice Lake,20,Q3'22,nan,Server,nan,Yes,Yes,3,22
228,Intel® Xeon® D Processor,D-2745NX,Products formerly Ice Lake,10,Q3'22,nan,Server,nan,Yes,Yes,3,22
229,Intel® Xeon® D Processor,D-2757NX,Products formerly Ice Lake,12,Q3'22,nan,Server,nan,Yes,Yes,3,22
230,Intel® Xeon® D Processor,D-2777NX,Products formerly Ice Lake,16,Q3'22,nan,Server,nan,Yes,Yes,3,22
231,Intel® Xeon® D Processor,D-2798NX,Products formerly Ice Lake,20,Q3'22,nan,Server,nan,Yes,Yes,3,22
232,Intel Atom® Processor C Series,C5115,Products formerly Parker Ridge,4,Q2'22,nan,Server,nan,Yes,Yes,2,22
233,Intel Atom® Processor C Series,C5125,Products formerly Parker Ridge,8,Q2'22,nan,Server,nan,Yes,Yes,2,22
234,Intel Atom® Processor C Series,C5310,Products formerly Parker Ridge,4,Q2'22,nan,Server,nan,Yes,Yes,2,22
235,Intel Atom® Processor C Series,C5315,Products formerly Parker Ridge,4,Q2'22,nan,Server,nan,Yes,Yes,2,22
236,Intel Atom® Processor C Series,C5320,Products formerly Parker Ridge,8,Q2'22,nan,Server,nan,Yes,Yes,2,22
237,Intel Atom® Processor C Series,C5325,Products formerly Parker Ridge,8,Q2'22,nan,Server,nan,Yes,Yes,2,22
238,Intel Atom® Processor P Series,P5322,Products formerly Snow Ridge,8,Q2'22,nan,Server,nan,Yes,Yes,2,22
239,Intel Atom® Processor P Series,P5332,Products formerly Snow Ridge,12,Q2'22,nan,Server,nan,Yes,Yes,2,22
240,Intel Atom® Processor P Series,P5342,Products formerly Snow Ridge,16,Q2'22,nan,Server,nan,Yes,Yes,2,22
241,Intel Atom® Processor P Series,P5352,Products formerly Snow Ridge,20,Q2'22,nan,Server,nan,Yes,Yes,2,22
242,Intel Atom® Processor P Series,P5362,Products formerly Snow Ridge,24,Q2'22,nan,Server,nan,Yes,Yes,2,22
243,Intel Atom® Processor P Series,P5721,Products formerly Snow Ridge,8,Q2'22,nan,Server,nan,Yes,Yes,2,22
244,Intel Atom® Processor P Series,P5731,Products formerly Snow Ridge,12,Q2'22,nan,Server,nan,Yes,Yes,2,22
245,Intel Atom® Processor P Series,P5742,Products formerly Snow Ridge,16,Q2'22,nan,Server,nan,Yes,Yes,2,22
246,Intel Atom® Processor P Series,P5752,Products formerly Snow Ridge,20,Q2'22,nan,Server,nan,Yes,Yes,2,22
247,Intel Atom® Processor C Series,C5115,Products formerly Parker Ridge,4,Q2'22,nan,Server,nan,Yes,Yes,2,22
248,Intel Atom® Processor C Series,C5125,Products formerly Parker Ridge,8,Q2'22,nan,Server,nan,Yes,Yes,2,22
249,Intel Atom® Processor C Series,C5310,Products formerly Parker Ridge,4,Q2'22,nan,Server,nan,Yes,Yes,2,22
250,Intel Atom® Processor C Series,C5315,Products formerly Parker Ridge,4,Q2'22,nan,Server,nan,Yes,Yes,2,22
251,Intel Atom® Processor C Series,C5320,Products formerly Parker Ridge,8,Q2'22,nan,Server,nan,Yes,Yes,2,22
252,Intel Atom® Processor C Series,C5325,Products formerly Parker Ridge,8,Q2'22,nan,Server,nan,Yes,Yes,2,22
253,Intel Atom® Processor P Series,P5322,Products formerly Snow Ridge,8,Q2'22,nan,Server,nan,Yes,Yes,2,22
254,Intel Atom® Processor P Series,P5332,Products formerly Snow Ridge,12,Q2'22,nan,Server,nan,Yes,Yes,2,22
255,Intel Atom® Processor P Series,P5342,Products formerly Snow Ridge,16,Q2'22,nan,Server,nan,Yes,Yes,2,22
256,Intel Atom® Processor P Series,P5352,Products formerly Snow Ridge,20,Q2'22,nan,Server,nan,Yes,Yes,2,22
257,Intel Atom® Processor P Series,P5362,Products formerly Snow Ridge,24,Q2'22,nan,Server,nan,Yes,Yes,2,22
258,Intel Atom® Processor P Series,P5721,Products formerly Snow Ridge,8,Q2'22,nan,Server,nan,Yes,Yes,2,22
259,Intel Atom® Processor P Series,P5731,Products formerly Snow Ridge,12,Q2'22,nan,Server,nan,Yes,Yes,2,22
260,Intel Atom® Processor P Series,P5742,Products formerly Snow Ridge,16,Q2'22,nan,Server,nan,Yes,Yes,2,22
261,Intel Atom® Processor P Series,P5752,Products formerly Snow Ridge,20,Q2'22,nan,Server,nan,Yes,Yes,2,22
262,Intel® Xeon® D Processor,D-1702,Products formerly Ice Lake,2,Q1'22,nan,Server,nan,Yes,Yes,1,22
263,Intel® Xeon® D Processor,D-1712TR,Products formerly Ice Lake,4,Q1'22,nan,Server,nan,Yes,Yes,1,22
264,Intel® Xeon® D Processor,D-1713NT,Products formerly Ice Lake,4,Q1'22,nan,Server,nan,Yes,Yes,1,22
265,Intel® Xeon® D Processor,D-1713NTE,Products formerly Ice Lake,4,Q1'22,nan,Server,nan,Yes,Yes,1,22
266,Intel® Xeon® D Processor,D-1714,Products formerly Ice Lake,4,Q1'22,nan,Server,nan,Yes,Yes,1,22
267,Intel® Xeon® D Processor,D-1715TER,Products formerly Ice Lake,4,Q1'22,nan,Server,nan,Yes,Yes,1,22
268,Intel® Xeon® D Processor,D-1718T,Products formerly Ice Lake,4,Q1'22,nan,Server,nan,Yes,Yes,1,22
269,Intel® Xeon® D Processor,D-1722NE,Products formerly Ice Lake,6,Q1'22,nan,Server,nan,Yes,Yes,1,22
270,Intel® Xeon® D Processor,D-1726,Products formerly Ice Lake,6,Q1'22,nan,Server,nan,Yes,Yes,1,22
271,Intel® Xeon® D Processor,D-1732TE,Products formerly Ice Lake,8,Q1'22,nan,Server,nan,Yes,Yes,1,22
272,Intel® Xeon® D Processor,D-1733NT,Products formerly Ice Lake,8,Q1'22,nan,Server,nan,Yes,Yes,1,22
273,Intel® Xeon® D Processor,D-1734NT,Products formerly Ice Lake,8,Q1'22,nan,Server,nan,Yes,Yes,1,22
274,Intel® Xeon® D Processor,D-1735TR,Products formerly Ice Lake,8,Q1'22,nan,Server,nan,Yes,Yes,1,22
275,Intel® Xeon® D Processor,D-1736,Products formerly Ice Lake,8,Q1'22,nan,Server,nan,Yes,Yes,1,22
276,Intel® Xeon® D Processor,D-1736NT,Products formerly Ice Lake,8,Q1'22,nan,Server,nan,Yes,Yes,1,22
277,Intel® Xeon® D Processor,D-1739,Products formerly Ice Lake,8,Q1'22,nan,Server,nan,Yes,Yes,1,22
278,Intel® Xeon® D Processor,D-1746TER,Products formerly Ice Lake,10,Q1'22,nan,Server,nan,Yes,Yes,1,22
279,Intel® Xeon® D Processor,D-1747NTE,Products formerly Ice Lake,10,Q1'22,nan,Server,nan,Yes,Yes,1,22
280,Intel® Xeon® D Processor,D-1748TE,Products formerly Ice Lake,10,Q1'22,nan,Server,nan,Yes,Yes,1,22
281,Intel® Xeon® D Processor,D-1749NT,Products formerly Ice Lake,10,Q1'22,nan,Server,nan,Yes,Yes,1,22
282,Intel® Xeon® D Processor,D-2712T,Products formerly Ice Lake,4,Q1'22,nan,Server,nan,Yes,Yes,1,22
283,Intel® Xeon® D Processor,D-2733NT,Products formerly Ice Lake,8,Q1'22,nan,Server,nan,Yes,Yes,1,22
284,Intel® Xeon® D Processor,D-2738,Products formerly Ice Lake,8,Q1'22,nan,Server,nan,Yes,Yes,1,22
285,Intel® Xeon® D Processor,D-2752NTE,Products formerly Ice Lake,12,Q1'22,nan,Server,nan,Yes,Yes,1,22
286,Intel® Xeon® D Processor,D-2752TER,Products formerly Ice Lake,12,Q1'22,nan,Server,nan,Yes,Yes,1,22
287,Intel® Xeon® D Processor,D-2753NT,Products formerly Ice Lake,12,Q1'22,nan,Server,nan,Yes,Yes,1,22
288,Intel® Xeon® D Processor,D-2766NT,Products formerly Ice Lake,14,Q1'22,nan,Server,nan,Yes,Yes,1,22
289,Intel® Xeon® D Processor,D-2775TE,Products formerly Ice Lake,16,Q1'22,nan,Server,nan,Yes,Yes,1,22
290,Intel® Xeon® D Processor,D-2776NT,Products formerly Ice Lake,16,Q1'22,nan,Server,nan,Yes,Yes,1,22
291,Intel® Xeon® D Processor,D-2779,Products formerly Ice Lake,16,Q1'22,nan,Server,nan,Yes,Yes,1,22
292,Intel® Xeon® D Processor,D-2786NTE,Products formerly Ice Lake,18,Q1'22,nan,Server,nan,Yes,Yes,1,22
293,Intel® Xeon® D Processor,D-2795NT,Products formerly Ice Lake,20,Q1'22,nan,Server,nan,Yes,Yes,1,22
294,Intel® Xeon® D Processor,D-2796NT,Products formerly Ice Lake,20,Q1'22,nan,Server,nan,Yes,Yes,1,22
295,Intel® Xeon® D Processor,D-2796TE,Products formerly Ice Lake,20,Q1'22,nan,Server,nan,Yes,Yes,1,22
296,Intel® Xeon® D Processor,D-2798NT,Products formerly Ice Lake,20,Q1'22,nan,Server,nan,Yes,Yes,1,22
297,Intel® Xeon® D Processor,D-2799,Products formerly Ice Lake,20,Q1'22,nan,Server,nan,Yes,Yes,1,22
298,Intel® Xeon® D Processor,D-1731NTE,Products formerly Ice Lake,8,Q1'22,nan,Server,nan,Yes,Yes,1,22
299,Intel® Xeon® D Processor,D-1702,Products formerly Ice Lake,2,Q1'22,nan,Server,nan,Yes,Yes,1,22
300,Intel® Xeon® D Processor,D-1712TR,Products formerly Ice Lake,4,Q1'22,nan,Server,nan,Yes,Yes,1,22
301,Intel® Xeon® D Processor,D-1713NT,Products formerly Ice Lake,4,Q1'22,nan,Server,nan,Yes,Yes,1,22
302,Intel® Xeon® D Processor,D-1713NTE,Products formerly Ice Lake,4,Q1'22,nan,Server,nan,Yes,Yes,1,22
303,Intel® Xeon® D Processor,D-1714,Products formerly Ice Lake,4,Q1'22,nan,Server,nan,Yes,Yes,1,22
304,Intel® Xeon® D Processor,D-1715TER,Products formerly Ice Lake,4,Q1'22,nan,Server,nan,Yes,Yes,1,22
305,Intel® Xeon® D Processor,D-1718T,Products formerly Ice Lake,4,Q1'22,nan,Server,nan,Yes,Yes,1,22
306,Intel® Xeon® D Processor,D-1722NE,Products formerly Ice Lake,6,Q1'22,nan,Server,nan,Yes,Yes,1,22
307,Intel® Xeon® D Processor,D-1726,Products formerly Ice Lake,6,Q1'22,nan,Server,nan,Yes,Yes,1,22
308,Intel® Xeon® D Processor,D-1732TE,Products formerly Ice Lake,8,Q1'22,nan,Server,nan,Yes,Yes,1,22
309,Intel® Xeon® D Processor,D-1733NT,Products formerly Ice Lake,8,Q1'22,nan,Server,nan,Yes,Yes,1,22
310,Intel® Xeon® D Processor,D-1734NT,Products formerly Ice Lake,8,Q1'22,nan,Server,nan,Yes,Yes,1,22
311,Intel® Xeon® D Processor,D-1735TR,Products formerly Ice Lake,8,Q1'22,nan,Server,nan,Yes,Yes,1,22
312,Intel® Xeon® D Processor,D-1736,Products formerly Ice Lake,8,Q1'22,nan,Server,nan,Yes,Yes,1,22
313,Intel® Xeon® D Processor,D-1736NT,Products formerly Ice Lake,8,Q1'22,nan,Server,nan,Yes,Yes,1,22
314,Intel® Xeon® D Processor,D-1739,Products formerly Ice Lake,8,Q1'22,nan,Server,nan,Yes,Yes,1,22
315,Intel® Xeon® D Processor,D-1746TER,Products formerly Ice Lake,10,Q1'22,nan,Server,nan,Yes,Yes,1,22
316,Intel® Xeon® D Processor,D-1747NTE,Products formerly Ice Lake,10,Q1'22,nan,Server,nan,Yes,Yes,1,22
317,Intel® Xeon® D Processor,D-1748TE,Products formerly Ice Lake,10,Q1'22,nan,Server,nan,Yes,Yes,1,22
318,Intel® Xeon® D Processor,D-1749NT,Products formerly Ice Lake,10,Q1'22,nan,Server,nan,Yes,Yes,1,22
319,Intel® Xeon® D Processor,D-2712T,Products formerly Ice Lake,4,Q1'22,nan,Server,nan,Yes,Yes,1,22
320,Intel® Xeon® D Processor,D-2733NT,Products formerly Ice Lake,8,Q1'22,nan,Server,nan,Yes,Yes,1,22
321,Intel® Xeon® D Processor,D-2738,Products formerly Ice Lake,8,Q1'22,nan,Server,nan,Yes,Yes,1,22
322,Intel® Xeon® D Processor,D-2752NTE,Products formerly Ice Lake,12,Q1'22,nan,Server,nan,Yes,Yes,1,22
323,Intel® Xeon® D Processor,D-2752TER,Products formerly Ice Lake,12,Q1'22,nan,Server,nan,Yes,Yes,1,22
324,Intel® Xeon® D Processor,D-2753NT,Products formerly Ice Lake,12,Q1'22,nan,Server,nan,Yes,Yes,1,22
325,Intel® Xeon® D Processor,D-2766NT,Products formerly Ice Lake,14,Q1'22,nan,Server,nan,Yes,Yes,1,22
326,Intel® Xeon® D Processor,D-2775TE,Products formerly Ice Lake,16,Q1'22,nan,Server,nan,Yes,Yes,1,22
327,Intel® Xeon® D Processor,D-2776NT,Products formerly Ice Lake,16,Q1'22,nan,Server,nan,Yes,Yes,1,22
328,Intel® Xeon® D Processor,D-2779,Products formerly Ice Lake,16,Q1'22,nan,Server,nan,Yes,Yes,1,22
329,Intel® Xeon® D Processor,D-2786NTE,Products formerly Ice Lake,18,Q1'22,nan,Server,nan,Yes,Yes,1,22
330,Intel® Xeon® D Processor,D-2795NT,Products formerly Ice Lake,20,Q1'22,nan,Server,nan,Yes,Yes,1,22
331,Intel® Xeon® D Processor,D-2796NT,Products formerly Ice Lake,20,Q1'22,nan,Server,nan,Yes,Yes,1,22
332,Intel® Xeon® D Processor,D-2796TE,Products formerly Ice Lake,20,Q1'22,nan,Server,nan,Yes,Yes,1,22
333,Intel® Xeon® D Processor,D-2798NT,Products formerly Ice Lake,20,Q1'22,nan,Server,nan,Yes,Yes,1,22
334,Intel® Xeon® D Processor,D-2799,Products formerly Ice Lake,20,Q1'22,nan,Server,nan,Yes,Yes,1,22
335,Intel® Xeon® D Processor,D-1731NTE,Products formerly Ice Lake,8,Q1'22,nan,Server,nan,Yes,Yes,1,22
336,Intel® Xeon® E Processor,E-2314,Products formerly Rocket Lake,4,Q3'21,Yes,Server,nan,Yes,Yes,3,21
337,Intel® Xeon® E Processor,E-2324G,Products formerly Rocket Lake,4,Q3'21,Yes,Server,nan,Yes,Yes,3,21
338,Intel® Xeon® E Processor,E-2334,Products formerly Rocket Lake,4,Q3'21,Yes,Server,nan,Yes,Yes,3,21
339,Intel® Xeon® E Processor,E-2336,Products formerly Rocket Lake,6,Q3'21,Yes,Server,nan,Yes,Yes,3,21
340,Intel® Xeon® E Processor,E-2356G,Products formerly Rocket Lake,6,Q3'21,Yes,Server,nan,Yes,Yes,3,21
341,Intel® Xeon® E Processor,E-2374G,Products formerly Rocket Lake,4,Q3'21,Yes,Server,nan,Yes,Yes,3,21
342,Intel® Xeon® E Processor,E-2378,Products formerly Rocket Lake,8,Q3'21,Yes,Server,nan,Yes,Yes,3,21
343,Intel® Xeon® E Processor,E-2378G,Products formerly Rocket Lake,8,Q3'21,Yes,Server,nan,Yes,Yes,3,21
344,Intel® Xeon® E Processor,E-2386G,Products formerly Rocket Lake,6,Q3'21,Yes,Server,nan,Yes,Yes,3,21
345,Intel® Xeon® E Processor,E-2388G,Products formerly Rocket Lake,8,Q3'21,Yes,Server,nan,Yes,Yes,3,21
346,Intel® Xeon® E Processor,E-2314,Products formerly Rocket Lake,4,Q3'21,Yes,Server,nan,Yes,Yes,3,21
347,Intel® Xeon® E Processor,E-2324G,Products formerly Rocket Lake,4,Q3'21,Yes,Server,nan,Yes,Yes,3,21
348,Intel® Xeon® E Processor,E-2334,Products formerly Rocket Lake,4,Q3'21,Yes,Server,nan,Yes,Yes,3,21
349,Intel® Xeon® E Processor,E-2336,Products formerly Rocket Lake,6,Q3'21,Yes,Server,nan,Yes,Yes,3,21
350,Intel® Xeon® E Processor,E-2356G,Products formerly Rocket Lake,6,Q3'21,Yes,Server,nan,Yes,Yes,3,21
351,Intel® Xeon® E Processor,E-2374G,Products formerly Rocket Lake,4,Q3'21,Yes,Server,nan,Yes,Yes,3,21
352,Intel® Xeon® E Processor,E-2378,Products formerly Rocket Lake,8,Q3'21,Yes,Server,nan,Yes,Yes,3,21
353,Intel® Xeon® E Processor,E-2378G,Products formerly Rocket Lake,8,Q3'21,Yes,Server,nan,Yes,Yes,3,21
354,Intel® Xeon® E Processor,E-2386G,Products formerly Rocket Lake,6,Q3'21,Yes,Server,nan,Yes,Yes,3,21
355,Intel® Xeon® E Processor,E-2388G,Products formerly Rocket Lake,8,Q3'21,Yes,Server,nan,Yes,Yes,3,21
356,3rd Generation Intel® Xeon® Scalable Processors,5315Y,Products formerly Ice Lake,8,Q2'21,Yes,Server,nan,Yes,Yes,2,21
357,3rd Generation Intel® Xeon® Scalable Processors,5317,Products formerly Ice Lake,12,Q2'21,Yes,Server,nan,Yes,Yes,2,21
358,3rd Generation Intel® Xeon® Scalable Processors,5318N,Products formerly Ice Lake,24,Q2'21,Yes,Server,nan,Yes,Yes,2,21
359,3rd Generation Intel® Xeon® Scalable Processors,5318S,Products formerly Ice Lake,24,Q2'21,Yes,Server,nan,Yes,Yes,2,21
360,3rd Generation Intel® Xeon® Scalable Processors,5318Y,Products formerly Ice Lake,24,Q2'21,Yes,Server,nan,Yes,Yes,2,21
361,3rd Generation Intel® Xeon® Scalable Processors,5320,Products formerly Ice Lake,26,Q2'21,Yes,Server,nan,Yes,Yes,2,21
362,3rd Generation Intel® Xeon® Scalable Processors,5320T,Products formerly Ice Lake,20,Q2'21,Yes,Server,nan,Yes,Yes,2,21
363,3rd Generation Intel® Xeon® Scalable Processors,6312U,Products formerly Ice Lake,24,Q2'21,Yes,Server,nan,Yes,Yes,2,21
364,3rd Generation Intel® Xeon® Scalable Processors,6314U,Products formerly Ice Lake,32,Q2'21,Yes,Server,nan,Yes,Yes,2,21
365,3rd Generation Intel® Xeon® Scalable Processors,6326,Products formerly Ice Lake,16,Q2'21,Yes,Server,nan,Yes,Yes,2,21
366,3rd Generation Intel® Xeon® Scalable Processors,6330,Products formerly Ice Lake,28,Q2'21,Yes,Server,nan,Yes,Yes,2,21
367,3rd Generation Intel® Xeon® Scalable Processors,6330N,Products formerly Ice Lake,28,Q2'21,Yes,Server,nan,Yes,Yes,2,21
368,3rd Generation Intel® Xeon® Scalable Processors,6334,Products formerly Ice Lake,8,Q2'21,Yes,Server,nan,Yes,Yes,2,21
369,3rd Generation Intel® Xeon® Scalable Processors,6336Y,Products formerly Ice Lake,24,Q2'21,Yes,Server,nan,Yes,Yes,2,21
370,3rd Generation Intel® Xeon® Scalable Processors,6338,Products formerly Ice Lake,32,Q2'21,Yes,Server,nan,Yes,Yes,2,21
371,3rd Generation Intel® Xeon® Scalable Processors,6338N,Products formerly Ice Lake,32,Q2'21,Yes,Server,nan,Yes,Yes,2,21
372,3rd Generation Intel® Xeon® Scalable Processors,6338T,Products formerly Ice Lake,24,Q2'21,Yes,Server,nan,Yes,Yes,2,21
373,3rd Generation Intel® Xeon® Scalable Processors,6342,Products formerly Ice Lake,24,Q2'21,Yes,Server,nan,Yes,Yes,2,21
374,3rd Generation Intel® Xeon® Scalable Processors,6346,Products formerly Ice Lake,16,Q2'21,Yes,Server,nan,Yes,Yes,2,21
375,3rd Generation Intel® Xeon® Scalable Processors,6348,Products formerly Ice Lake,28,Q2'21,Yes,Server,nan,Yes,Yes,2,21
376,3rd Generation Intel® Xeon® Scalable Processors,6354,Products formerly Ice Lake,18,Q2'21,Yes,Server,nan,Yes,Yes,2,21
377,3rd Generation Intel® Xeon® Scalable Processors,8351N,Products formerly Ice Lake,36,Q2'21,Yes,Server,nan,Yes,Yes,2,21
378,3rd Generation Intel® Xeon® Scalable Processors,8352M,Products formerly Ice Lake,32,Q2'21,Yes,Server,nan,Yes,Yes,2,21
379,3rd Generation Intel® Xeon® Scalable Processors,8352S,Products formerly Ice Lake,32,Q2'21,Yes,Server,nan,Yes,Yes,2,21
380,3rd Generation Intel® Xeon® Scalable Processors,8352V,Products formerly Ice Lake,36,Q2'21,Yes,Server,nan,Yes,Yes,2,21
381,3rd Generation Intel® Xeon® Scalable Processors,8352Y,Products formerly Ice Lake,32,Q2'21,Yes,Server,nan,Yes,Yes,2,21
382,3rd Generation Intel® Xeon® Scalable Processors,8358,Products formerly Ice Lake,32,Q2'21,Yes,Server,nan,Yes,Yes,2,21
383,3rd Generation Intel® Xeon® Scalable Processors,8358P,Products formerly Ice Lake,32,Q2'21,Yes,Server,nan,Yes,Yes,2,21
384,3rd Generation Intel® Xeon® Scalable Processors,8360Y,Products formerly Ice Lake,36,Q2'21,Yes,Server,nan,Yes,Yes,2,21
385,3rd Generation Intel® Xeon® Scalable Processors,8362,Products formerly Ice Lake,32,Q2'21,Yes,Server,nan,Yes,Yes,2,21
386,3rd Generation Intel® Xeon® Scalable Processors,8368,Products formerly Ice Lake,38,Q2'21,Yes,Server,nan,Yes,Yes,2,21
387,3rd Generation Intel® Xeon® Scalable Processors,8368Q,Products formerly Ice Lake,38,Q2'21,Yes,Server,nan,Yes,Yes,2,21
388,3rd Generation Intel® Xeon® Scalable Processors,8380,Products formerly Ice Lake,40,Q2'21,Yes,Server,nan,Yes,Yes,2,21
389,3rd Generation Intel® Xeon® Scalable Processors,4309Y,Products formerly Ice Lake,8,Q2'21,Yes,Server,nan,Yes,Yes,2,21
390,3rd Generation Intel® Xeon® Scalable Processors,4310,Products formerly Ice Lake,12,Q2'21,Yes,Server,nan,Yes,Yes,2,21
391,3rd Generation Intel® Xeon® Scalable Processors,4310T,Products formerly Ice Lake,10,Q2'21,Yes,Server,nan,Yes,Yes,2,21
392,3rd Generation Intel® Xeon® Scalable Processors,4314,Products formerly Ice Lake,16,Q2'21,Yes,Server,nan,Yes,Yes,2,21
393,3rd Generation Intel® Xeon® Scalable Processors,4316,Products formerly Ice Lake,20,Q2'21,Yes,Server,nan,Yes,Yes,2,21
394,3rd Generation Intel® Xeon® Scalable Processors,5315Y,Products formerly Ice Lake,8,Q2'21,Yes,Server,nan,Yes,Yes,2,21
395,3rd Generation Intel® Xeon® Scalable Processors,5317,Products formerly Ice Lake,12,Q2'21,Yes,Server,nan,Yes,Yes,2,21
396,3rd Generation Intel® Xeon® Scalable Processors,5318N,Products formerly Ice Lake,24,Q2'21,Yes,Server,nan,Yes,Yes,2,21
397,3rd Generation Intel® Xeon® Scalable Processors,5318S,Products formerly Ice Lake,24,Q2'21,Yes,Server,nan,Yes,Yes,2,21
398,3rd Generation Intel® Xeon® Scalable Processors,5318Y,Products formerly Ice Lake,24,Q2'21,Yes,Server,nan,Yes,Yes,2,21
399,3rd Generation Intel® Xeon® Scalable Processors,5320,Products formerly Ice Lake,26,Q2'21,Yes,Server,nan,Yes,Yes,2,21
400,3rd Generation Intel® Xeon® Scalable Processors,5320T,Products formerly Ice Lake,20,Q2'21,Yes,Server,nan,Yes,Yes,2,21
401,3rd Generation Intel® Xeon® Scalable Processors,6312U,Products formerly Ice Lake,24,Q2'21,Yes,Server,nan,Yes,Yes,2,21
402,3rd Generation Intel® Xeon® Scalable Processors,6314U,Products formerly Ice Lake,32,Q2'21,Yes,Server,nan,Yes,Yes,2,21
403,3rd Generation Intel® Xeon® Scalable Processors,6326,Products formerly Ice Lake,16,Q2'21,Yes,Server,nan,Yes,Yes,2,21
404,3rd Generation Intel® Xeon® Scalable Processors,6330,Products formerly Ice Lake,28,Q2'21,Yes,Server,nan,Yes,Yes,2,21
405,3rd Generation Intel® Xeon® Scalable Processors,6330N,Products formerly Ice Lake,28,Q2'21,Yes,Server,nan,Yes,Yes,2,21
406,3rd Generation Intel® Xeon® Scalable Processors,6334,Products formerly Ice Lake,8,Q2'21,Yes,Server,nan,Yes,Yes,2,21
407,3rd Generation Intel® Xeon® Scalable Processors,6336Y,Products formerly Ice Lake,24,Q2'21,Yes,Server,nan,Yes,Yes,2,21
408,3rd Generation Intel® Xeon® Scalable Processors,6338,Products formerly Ice Lake,32,Q2'21,Yes,Server,nan,Yes,Yes,2,21
409,3rd Generation Intel® Xeon® Scalable Processors,6338N,Products formerly Ice Lake,32,Q2'21,Yes,Server,nan,Yes,Yes,2,21
410,3rd Generation Intel® Xeon® Scalable Processors,6338T,Products formerly Ice Lake,24,Q2'21,Yes,Server,nan,Yes,Yes,2,21
411,3rd Generation Intel® Xeon® Scalable Processors,6342,Products formerly Ice Lake,24,Q2'21,Yes,Server,nan,Yes,Yes,2,21
412,3rd Generation Intel® Xeon® Scalable Processors,6346,Products formerly Ice Lake,16,Q2'21,Yes,Server,nan,Yes,Yes,2,21
413,3rd Generation Intel® Xeon® Scalable Processors,6348,Products formerly Ice Lake,28,Q2'21,Yes,Server,nan,Yes,Yes,2,21
414,3rd Generation Intel® Xeon® Scalable Processors,6354,Products formerly Ice Lake,18,Q2'21,Yes,Server,nan,Yes,Yes,2,21
415,3rd Generation Intel® Xeon® Scalable Processors,8351N,Products formerly Ice Lake,36,Q2'21,Yes,Server,nan,Yes,Yes,2,21
416,3rd Generation Intel® Xeon® Scalable Processors,8352M,Products formerly Ice Lake,32,Q2'21,Yes,Server,nan,Yes,Yes,2,21
417,3rd Generation Intel® Xeon® Scalable Processors,8352S,Products formerly Ice Lake,32,Q2'21,Yes,Server,nan,Yes,Yes,2,21
418,3rd Generation Intel® Xeon® Scalable Processors,8352V,Products formerly Ice Lake,36,Q2'21,Yes,Server,nan,Yes,Yes,2,21
419,3rd Generation Intel® Xeon® Scalable Processors,8352Y,Products formerly Ice Lake,32,Q2'21,Yes,Server,nan,Yes,Yes,2,21
420,3rd Generation Intel® Xeon® Scalable Processors,8358,Products formerly Ice Lake,32,Q2'21,Yes,Server,nan,Yes,Yes,2,21
421,3rd Generation Intel® Xeon® Scalable Processors,8358P,Products formerly Ice Lake,32,Q2'21,Yes,Server,nan,Yes,Yes,2,21
422,3rd Generation Intel® Xeon® Scalable Processors,8360Y,Products formerly Ice Lake,36,Q2'21,Yes,Server,nan,Yes,Yes,2,21
423,3rd Generation Intel® Xeon® Scalable Processors,8362,Products formerly Ice Lake,32,Q2'21,Yes,Server,nan,Yes,Yes,2,21
424,3rd Generation Intel® Xeon® Scalable Processors,8368,Products formerly Ice Lake,38,Q2'21,Yes,Server,nan,Yes,Yes,2,21
425,3rd Generation Intel® Xeon® Scalable Processors,8368Q,Products formerly Ice Lake,38,Q2'21,Yes,Server,nan,Yes,Yes,2,21
426,3rd Generation Intel® Xeon® Scalable Processors,8380,Products formerly Ice Lake,40,Q2'21,Yes,Server,nan,Yes,Yes,2,21
427,3rd Generation Intel® Xeon® Scalable Processors,4309Y,Products formerly Ice Lake,8,Q2'21,Yes,Server,nan,Yes,Yes,2,21
428,3rd Generation Intel® Xeon® Scalable Processors,4310,Products formerly Ice Lake,12,Q2'21,Yes,Server,nan,Yes,Yes,2,21
429,3rd Generation Intel® Xeon® Scalable Processors,4310T,Products formerly Ice Lake,10,Q2'21,Yes,Server,nan,Yes,Yes,2,21
430,3rd Generation Intel® Xeon® Scalable Processors,4314,Products formerly Ice Lake,16,Q2'21,Yes,Server,nan,Yes,Yes,2,21
431,3rd Generation Intel® Xeon® Scalable Processors,4316,Products formerly Ice Lake,20,Q2'21,Yes,Server,nan,Yes,Yes,2,21
432,3rd Generation Intel® Xeon® Scalable Processors,6330H,Products formerly Cooper Lake,24,Q3'20,Yes,Server,nan,Yes,Yes,3,20
433,3rd Generation Intel® Xeon® Scalable Processors,8356H,Products formerly Cooper Lake,8,Q3'20,Yes,Server,nan,Yes,Yes,3,20
434,3rd Generation Intel® Xeon® Scalable Processors,8360H,Products formerly Cooper Lake,24,Q3'20,Yes,Server,nan,Yes,Yes,3,20
435,3rd Generation Intel® Xeon® Scalable Processors,8360HL,Products formerly Cooper Lake,24,Q3'20,Yes,Server,nan,Yes,Yes,3,20
436,3rd Generation Intel® Xeon® Scalable Processors,6330H,Products formerly Cooper Lake,24,Q3'20,Yes,Server,nan,Yes,Yes,3,20
437,3rd Generation Intel® Xeon® Scalable Processors,8356H,Products formerly Cooper Lake,8,Q3'20,Yes,Server,nan,Yes,Yes,3,20
438,3rd Generation Intel® Xeon® Scalable Processors,8360H,Products formerly Cooper Lake,24,Q3'20,Yes,Server,nan,Yes,Yes,3,20
439,3rd Generation Intel® Xeon® Scalable Processors,8360HL,Products formerly Cooper Lake,24,Q3'20,Yes,Server,nan,Yes,Yes,3,20
440,3rd Generation Intel® Xeon® Scalable Processors,5318H,Products formerly Cooper Lake,18,Q2'20,Yes,Server,nan,Yes,Yes,2,20
441,3rd Generation Intel® Xeon® Scalable Processors,5320H,Products formerly Cooper Lake,20,Q2'20,Yes,Server,nan,Yes,Yes,2,20
442,3rd Generation Intel® Xeon® Scalable Processors,6328H,Products formerly Cooper Lake,16,Q2'20,Yes,Server,nan,Yes,Yes,2,20
443,3rd Generation Intel® Xeon® Scalable Processors,6328HL,Products formerly Cooper Lake,16,Q2'20,Yes,Server,nan,Yes,Yes,2,20
444,3rd Generation Intel® Xeon® Scalable Processors,6348H,Products formerly Cooper Lake,24,Q2'20,Yes,Server,nan,Yes,Yes,2,20
445,3rd Generation Intel® Xeon® Scalable Processors,8353H,Products formerly Cooper Lake,18,Q2'20,Yes,Server,nan,Yes,Yes,2,20
446,3rd Generation Intel® Xeon® Scalable Processors,8354H,Products formerly Cooper Lake,18,Q2'20,Yes,Server,nan,Yes,Yes,2,20
447,3rd Generation Intel® Xeon® Scalable Processors,8376H,Products formerly Cooper Lake,28,Q2'20,Yes,Server,nan,Yes,Yes,2,20
448,3rd Generation Intel® Xeon® Scalable Processors,8376HL,Products formerly Cooper Lake,28,Q2'20,Yes,Server,nan,Yes,Yes,2,20
449,3rd Generation Intel® Xeon® Scalable Processors,8380H,Products formerly Cooper Lake,28,Q2'20,Yes,Server,nan,Yes,Yes,2,20
450,3rd Generation Intel® Xeon® Scalable Processors,8380HL,Products formerly Cooper Lake,28,Q2'20,Yes,Server,nan,Yes,Yes,2,20
451,Intel Atom® Processor C Series,C3338R,Products formerly Denverton,2,Q2'20,Yes,Server,nan,Yes,Yes,2,20
452,Intel Atom® Processor C Series,C3436L,Products formerly Denverton,4,Q2'20,Yes,Server,nan,Yes,Yes,2,20
453,Intel Atom® Processor C Series,C3558R,Products formerly Denverton,4,Q2'20,Yes,Server,nan,Yes,Yes,2,20
454,Intel Atom® Processor C Series,C3758R,Products formerly Denverton,8,Q2'20,Yes,Server,nan,Yes,Yes,2,20
455,3rd Generation Intel® Xeon® Scalable Processors,5318H,Products formerly Cooper Lake,18,Q2'20,Yes,Server,nan,Yes,Yes,2,20
456,3rd Generation Intel® Xeon® Scalable Processors,5320H,Products formerly Cooper Lake,20,Q2'20,Yes,Server,nan,Yes,Yes,2,20
457,3rd Generation Intel® Xeon® Scalable Processors,6328H,Products formerly Cooper Lake,16,Q2'20,Yes,Server,nan,Yes,Yes,2,20
458,3rd Generation Intel® Xeon® Scalable Processors,6328HL,Products formerly Cooper Lake,16,Q2'20,Yes,Server,nan,Yes,Yes,2,20
459,3rd Generation Intel® Xeon® Scalable Processors,6348H,Products formerly Cooper Lake,24,Q2'20,Yes,Server,nan,Yes,Yes,2,20
460,3rd Generation Intel® Xeon® Scalable Processors,8353H,Products formerly Cooper Lake,18,Q2'20,Yes,Server,nan,Yes,Yes,2,20
461,3rd Generation Intel® Xeon® Scalable Processors,8354H,Products formerly Cooper Lake,18,Q2'20,Yes,Server,nan,Yes,Yes,2,20
462,3rd Generation Intel® Xeon® Scalable Processors,8376H,Products formerly Cooper Lake,28,Q2'20,Yes,Server,nan,Yes,Yes,2,20
463,3rd Generation Intel® Xeon® Scalable Processors,8376HL,Products formerly Cooper Lake,28,Q2'20,Yes,Server,nan,Yes,Yes,2,20
464,3rd Generation Intel® Xeon® Scalable Processors,8380H,Products formerly Cooper Lake,28,Q2'20,Yes,Server,nan,Yes,Yes,2,20
465,3rd Generation Intel® Xeon® Scalable Processors,8380HL,Products formerly Cooper Lake,28,Q2'20,Yes,Server,nan,Yes,Yes,2,20
466,Intel Atom® Processor C Series,C3338R,Products formerly Denverton,2,Q2'20,Yes,Server,nan,Yes,Yes,2,20
467,Intel Atom® Processor C Series,C3436L,Products formerly Denverton,4,Q2'20,Yes,Server,nan,Yes,Yes,2,20
468,Intel Atom® Processor C Series,C3558R,Products formerly Denverton,4,Q2'20,Yes,Server,nan,Yes,Yes,2,20
469,Intel Atom® Processor C Series,C3758R,Products formerly Denverton,8,Q2'20,Yes,Server,nan,Yes,Yes,2,20
470,2nd Generation Intel® Xeon® Scalable Processors,3206R,Products formerly Cascade Lake,8,Q1'20,Yes,Server,nan,Yes,Yes,1,20
471,2nd Generation Intel® Xeon® Scalable Processors,5218R,Products formerly Cascade Lake,20,Q1'20,Yes,Server,nan,Yes,Yes,1,20
472,2nd Generation Intel® Xeon® Scalable Processors,5220R,Products formerly Cascade Lake,24,Q1'20,Yes,Server,nan,Yes,Yes,1,20
473,2nd Generation Intel® Xeon® Scalable Processors,6208U,Products formerly Cascade Lake,16,Q1'20,Yes,Server,nan,Yes,Yes,1,20
474,2nd Generation Intel® Xeon® Scalable Processors,6226R,Products formerly Cascade Lake,16,Q1'20,Yes,Server,nan,Yes,Yes,1,20
475,2nd Generation Intel® Xeon® Scalable Processors,6230R,Products formerly Cascade Lake,26,Q1'20,Yes,Server,nan,Yes,Yes,1,20
476,2nd Generation Intel® Xeon® Scalable Processors,6238R,Products formerly Cascade Lake,28,Q1'20,Yes,Server,nan,Yes,Yes,1,20
477,2nd Generation Intel® Xeon® Scalable Processors,6240R,Products formerly Cascade Lake,24,Q1'20,Yes,Server,nan,Yes,Yes,1,20
478,2nd Generation Intel® Xeon® Scalable Processors,6242R,Products formerly Cascade Lake,20,Q1'20,Yes,Server,nan,Yes,Yes,1,20
479,2nd Generation Intel® Xeon® Scalable Processors,6246R,Products formerly Cascade Lake,16,Q1'20,Yes,Server,nan,Yes,Yes,1,20
480,2nd Generation Intel® Xeon® Scalable Processors,6248R,Products formerly Cascade Lake,24,Q1'20,Yes,Server,nan,Yes,Yes,1,20
481,2nd Generation Intel® Xeon® Scalable Processors,6250,Products formerly Cascade Lake,8,Q1'20,Yes,Server,nan,Yes,Yes,1,20
482,2nd Generation Intel® Xeon® Scalable Processors,6250L,Products formerly Cascade Lake,8,Q1'20,Yes,Server,nan,Yes,Yes,1,20
483,2nd Generation Intel® Xeon® Scalable Processors,6256,Products formerly Cascade Lake,12,Q1'20,Yes,Server,nan,Yes,Yes,1,20
484,2nd Generation Intel® Xeon® Scalable Processors,6258R,Products formerly Cascade Lake,28,Q1'20,Yes,Server,nan,Yes,Yes,1,20
485,2nd Generation Intel® Xeon® Scalable Processors,4210R,Products formerly Cascade Lake,10,Q1'20,Yes,Server,nan,Yes,Yes,1,20
486,2nd Generation Intel® Xeon® Scalable Processors,4210T,Products formerly Cascade Lake,10,Q1'20,Yes,Server,nan,Yes,Yes,1,20
487,2nd Generation Intel® Xeon® Scalable Processors,4214R,Products formerly Cascade Lake,12,Q1'20,Yes,Server,nan,Yes,Yes,1,20
488,2nd Generation Intel® Xeon® Scalable Processors,4215R,Products formerly Cascade Lake,8,Q1'20,Yes,Server,nan,Yes,Yes,1,20
489,Intel Atom® Processor P Series,P5921B,Products formerly Snow Ridge,8,Q1'20,Yes,Server,nan,Yes,Yes,1,20
490,Intel Atom® Processor P Series,P5931B,Products formerly Snow Ridge,12,Q1'20,Yes,Server,nan,Yes,Yes,1,20
491,Intel Atom® Processor P Series,P5942B,Products formerly Snow Ridge,16,Q1'20,Yes,Server,nan,Yes,Yes,1,20
492,Intel Atom® Processor P Series,P5962B,Products formerly Snow Ridge,24,Q1'20,Yes,Server,nan,Yes,Yes,1,20
493,2nd Generation Intel® Xeon® Scalable Processors,3206R,Products formerly Cascade Lake,8,Q1'20,Yes,Server,nan,Yes,Yes,1,20
494,2nd Generation Intel® Xeon® Scalable Processors,5218R,Products formerly Cascade Lake,20,Q1'20,Yes,Server,nan,Yes,Yes,1,20
495,2nd Generation Intel® Xeon® Scalable Processors,5220R,Products formerly Cascade Lake,24,Q1'20,Yes,Server,nan,Yes,Yes,1,20
496,2nd Generation Intel® Xeon® Scalable Processors,6208U,Products formerly Cascade Lake,16,Q1'20,Yes,Server,nan,Yes,Yes,1,20
497,2nd Generation Intel® Xeon® Scalable Processors,6226R,Products formerly Cascade Lake,16,Q1'20,Yes,Server,nan,Yes,Yes,1,20
498,2nd Generation Intel® Xeon® Scalable Processors,6230R,Products formerly Cascade Lake,26,Q1'20,Yes,Server,nan,Yes,Yes,1,20
499,2nd Generation Intel® Xeon® Scalable Processors,6238R,Products formerly Cascade Lake,28,Q1'20,Yes,Server,nan,Yes,Yes,1,20
500,2nd Generation Intel® Xeon® Scalable Processors,6240R,Products formerly Cascade Lake,24,Q1'20,Yes,Server,nan,Yes,Yes,1,20
501,2nd Generation Intel® Xeon® Scalable Processors,6242R,Products formerly Cascade Lake,20,Q1'20,Yes,Server,nan,Yes,Yes,1,20
502,2nd Generation Intel® Xeon® Scalable Processors,6246R,Products formerly Cascade Lake,16,Q1'20,Yes,Server,nan,Yes,Yes,1,20
503,2nd Generation Intel® Xeon® Scalable Processors,6248R,Products formerly Cascade Lake,24,Q1'20,Yes,Server,nan,Yes,Yes,1,20
504,2nd Generation Intel® Xeon® Scalable Processors,6250,Products formerly Cascade Lake,8,Q1'20,Yes,Server,nan,Yes,Yes,1,20
505,2nd Generation Intel® Xeon® Scalable Processors,6250L,Products formerly Cascade Lake,8,Q1'20,Yes,Server,nan,Yes,Yes,1,20
506,2nd Generation Intel® Xeon® Scalable Processors,6256,Products formerly Cascade Lake,12,Q1'20,Yes,Server,nan,Yes,Yes,1,20
507,2nd Generation Intel® Xeon® Scalable Processors,6258R,Products formerly Cascade Lake,28,Q1'20,Yes,Server,nan,Yes,Yes,1,20
508,2nd Generation Intel® Xeon® Scalable Processors,4210R,Products formerly Cascade Lake,10,Q1'20,Yes,Server,nan,Yes,Yes,1,20
509,2nd Generation Intel® Xeon® Scalable Processors,4210T,Products formerly Cascade Lake,10,Q1'20,Yes,Server,nan,Yes,Yes,1,20
510,2nd Generation Intel® Xeon® Scalable Processors,4214R,Products formerly Cascade Lake,12,Q1'20,Yes,Server,nan,Yes,Yes,1,20
511,2nd Generation Intel® Xeon® Scalable Processors,4215R,Products formerly Cascade Lake,8,Q1'20,Yes,Server,nan,Yes,Yes,1,20
512,Intel Atom® Processor P Series,P5921B,Products formerly Snow Ridge,8,Q1'20,Yes,Server,nan,Yes,Yes,1,20
513,Intel Atom® Processor P Series,P5931B,Products formerly Snow Ridge,12,Q1'20,Yes,Server,nan,Yes,Yes,1,20
514,Intel Atom® Processor P Series,P5942B,Products formerly Snow Ridge,16,Q1'20,Yes,Server,nan,Yes,Yes,1,20
515,Intel Atom® Processor P Series,P5962B,Products formerly Snow Ridge,24,Q1'20,Yes,Server,nan,Yes,Yes,1,20
516,2nd Generation Intel® Xeon® Scalable Processors,9221,Products formerly Cascade Lake,32,Q3'19,nan,Server,nan,Yes,nan,3,19
517,2nd Generation Intel® Xeon® Scalable Processors,9222,Products formerly Cascade Lake,32,Q3'19,nan,Server,nan,Yes,nan,3,19
518,2nd Generation Intel® Xeon® Scalable Processors,9221,Products formerly Cascade Lake,32,Q3'19,nan,Server,nan,Yes,nan,3,19
519,2nd Generation Intel® Xeon® Scalable Processors,9222,Products formerly Cascade Lake,32,Q3'19,nan,Server,nan,Yes,nan,3,19
520,2nd Generation Intel® Xeon® Scalable Processors,3204,Products formerly Cascade Lake,6,Q2'19,Yes,Server,nan,Yes,Yes,2,19
521,2nd Generation Intel® Xeon® Scalable Processors,5215,Products formerly Cascade Lake,10,Q2'19,Yes,Server,nan,Yes,Yes,2,19
522,2nd Generation Intel® Xeon® Scalable Processors,5215L,Products formerly Cascade Lake,10,Q2'19,Yes,Server,nan,Yes,Yes,2,19
523,2nd Generation Intel® Xeon® Scalable Processors,5217,Products formerly Cascade Lake,8,Q2'19,Yes,Server,nan,Yes,Yes,2,19
524,2nd Generation Intel® Xeon® Scalable Processors,5218,Products formerly Cascade Lake,16,Q2'19,Yes,Server,nan,Yes,Yes,2,19
525,2nd Generation Intel® Xeon® Scalable Processors,5218B,Products formerly Cascade Lake,16,Q2'19,Yes,Server,nan,Yes,Yes,2,19
526,2nd Generation Intel® Xeon® Scalable Processors,5218N,Products formerly Cascade Lake,16,Q2'19,Yes,Server,nan,Yes,Yes,2,19
527,2nd Generation Intel® Xeon® Scalable Processors,5218T,Products formerly Cascade Lake,16,Q2'19,Yes,Server,nan,Yes,Yes,2,19
528,2nd Generation Intel® Xeon® Scalable Processors,5220,Products formerly Cascade Lake,18,Q2'19,Yes,Server,nan,Yes,Yes,2,19
529,2nd Generation Intel® Xeon® Scalable Processors,5220S,Products formerly Cascade Lake,18,Q2'19,Yes,Server,nan,Yes,Yes,2,19
530,2nd Generation Intel® Xeon® Scalable Processors,5220T,Products formerly Cascade Lake,18,Q2'19,Yes,Server,nan,Yes,Yes,2,19
531,2nd Generation Intel® Xeon® Scalable Processors,5222,Products formerly Cascade Lake,4,Q2'19,Yes,Server,nan,Yes,Yes,2,19
532,2nd Generation Intel® Xeon® Scalable Processors,6209U,Products formerly Cascade Lake,20,Q2'19,Yes,Server,nan,Yes,Yes,2,19
533,2nd Generation Intel® Xeon® Scalable Processors,6210U,Products formerly Cascade Lake,20,Q2'19,Yes,Server,nan,Yes,Yes,2,19
534,2nd Generation Intel® Xeon® Scalable Processors,6212U,Products formerly Cascade Lake,24,Q2'19,Yes,Server,nan,Yes,Yes,2,19
535,2nd Generation Intel® Xeon® Scalable Processors,6222V,Products formerly Cascade Lake,20,Q2'19,Yes,Server,nan,Yes,Yes,2,19
536,2nd Generation Intel® Xeon® Scalable Processors,6226,Products formerly Cascade Lake,12,Q2'19,Yes,Server,nan,Yes,Yes,2,19
537,2nd Generation Intel® Xeon® Scalable Processors,6230,Products formerly Cascade Lake,20,Q2'19,Yes,Server,nan,Yes,Yes,2,19
538,2nd Generation Intel® Xeon® Scalable Processors,6230N,Products formerly Cascade Lake,20,Q2'19,Yes,Server,nan,Yes,Yes,2,19
539,2nd Generation Intel® Xeon® Scalable Processors,6230T,Products formerly Cascade Lake,20,Q2'19,Yes,Server,nan,Yes,Yes,2,19
540,2nd Generation Intel® Xeon® Scalable Processors,6234,Products formerly Cascade Lake,8,Q2'19,Yes,Server,nan,Yes,Yes,2,19
541,2nd Generation Intel® Xeon® Scalable Processors,6238,Products formerly Cascade Lake,22,Q2'19,Yes,Server,nan,Yes,Yes,2,19
542,2nd Generation Intel® Xeon® Scalable Processors,6238L,Products formerly Cascade Lake,22,Q2'19,Yes,Server,nan,Yes,Yes,2,19
543,2nd Generation Intel® Xeon® Scalable Processors,6238T,Products formerly Cascade Lake,22,Q2'19,Yes,Server,nan,Yes,Yes,2,19
544,2nd Generation Intel® Xeon® Scalable Processors,6240,Products formerly Cascade Lake,18,Q2'19,Yes,Server,nan,Yes,Yes,2,19
545,2nd Generation Intel® Xeon® Scalable Processors,6240L,Products formerly Cascade Lake,18,Q2'19,Yes,Server,nan,Yes,Yes,2,19
546,2nd Generation Intel® Xeon® Scalable Processors,6240Y,Products formerly Cascade Lake,18,Q2'19,Yes,Server,nan,Yes,Yes,2,19
547,2nd Generation Intel® Xeon® Scalable Processors,6242,Products formerly Cascade Lake,16,Q2'19,Yes,Server,nan,Yes,Yes,2,19
548,2nd Generation Intel® Xeon® Scalable Processors,6244,Products formerly Cascade Lake,8,Q2'19,Yes,Server,nan,Yes,Yes,2,19
549,2nd Generation Intel® Xeon® Scalable Processors,6246,Products formerly Cascade Lake,12,Q2'19,Yes,Server,nan,Yes,Yes,2,19
550,2nd Generation Intel® Xeon® Scalable Processors,6248,Products formerly Cascade Lake,20,Q2'19,Yes,Server,nan,Yes,Yes,2,19
551,2nd Generation Intel® Xeon® Scalable Processors,6252,Products formerly Cascade Lake,24,Q2'19,Yes,Server,nan,Yes,Yes,2,19
552,2nd Generation Intel® Xeon® Scalable Processors,6252N,Products formerly Cascade Lake,24,Q2'19,Yes,Server,nan,Yes,Yes,2,19
553,2nd Generation Intel® Xeon® Scalable Processors,6254,Products formerly Cascade Lake,18,Q2'19,Yes,Server,nan,Yes,Yes,2,19
554,2nd Generation Intel® Xeon® Scalable Processors,6262V,Products formerly Cascade Lake,24,Q2'19,Yes,Server,nan,Yes,Yes,2,19
555,2nd Generation Intel® Xeon® Scalable Processors,8253,Products formerly Cascade Lake,16,Q2'19,Yes,Server,nan,Yes,Yes,2,19
556,2nd Generation Intel® Xeon® Scalable Processors,8256,Products formerly Cascade Lake,4,Q2'19,Yes,Server,nan,Yes,Yes,2,19
557,2nd Generation Intel® Xeon® Scalable Processors,8260,Products formerly Cascade Lake,24,Q2'19,Yes,Server,nan,Yes,Yes,2,19
558,2nd Generation Intel® Xeon® Scalable Processors,8260L,Products formerly Cascade Lake,24,Q2'19,Yes,Server,nan,Yes,Yes,2,19
559,2nd Generation Intel® Xeon® Scalable Processors,8260Y,Products formerly Cascade Lake,24,Q2'19,Yes,Server,nan,Yes,Yes,2,19
560,2nd Generation Intel® Xeon® Scalable Processors,8268,Products formerly Cascade Lake,24,Q2'19,Yes,Server,nan,Yes,Yes,2,19
561,2nd Generation Intel® Xeon® Scalable Processors,8270,Products formerly Cascade Lake,26,Q2'19,Yes,Server,nan,Yes,Yes,2,19
562,2nd Generation Intel® Xeon® Scalable Processors,8276,Products formerly Cascade Lake,28,Q2'19,Yes,Server,nan,Yes,Yes,2,19
563,2nd Generation Intel® Xeon® Scalable Processors,8276L,Products formerly Cascade Lake,28,Q2'19,Yes,Server,nan,Yes,Yes,2,19
564,2nd Generation Intel® Xeon® Scalable Processors,8280,Products formerly Cascade Lake,28,Q2'19,Yes,Server,nan,Yes,Yes,2,19
565,2nd Generation Intel® Xeon® Scalable Processors,8280L,Products formerly Cascade Lake,28,Q2'19,Yes,Server,nan,Yes,Yes,2,19
566,2nd Generation Intel® Xeon® Scalable Processors,9242,Products formerly Cascade Lake,48,Q2'19,nan,Server,nan,Yes,nan,2,19
567,2nd Generation Intel® Xeon® Scalable Processors,9282,Products formerly Cascade Lake,56,Q2'19,nan,Server,nan,Yes,nan,2,19
568,2nd Generation Intel® Xeon® Scalable Processors,4208,Products formerly Cascade Lake,8,Q2'19,Yes,Server,nan,Yes,Yes,2,19
569,2nd Generation Intel® Xeon® Scalable Processors,4209T,Products formerly Cascade Lake,8,Q2'19,Yes,Server,nan,Yes,Yes,2,19
570,2nd Generation Intel® Xeon® Scalable Processors,4210,Products formerly Cascade Lake,10,Q2'19,Yes,Server,nan,Yes,Yes,2,19
571,2nd Generation Intel® Xeon® Scalable Processors,4214,Products formerly Cascade Lake,12,Q2'19,Yes,Server,nan,Yes,Yes,2,19
572,2nd Generation Intel® Xeon® Scalable Processors,4214Y,Products formerly Cascade Lake,12,Q2'19,Yes,Server,nan,Yes,Yes,2,19
573,2nd Generation Intel® Xeon® Scalable Processors,4215,Products formerly Cascade Lake,8,Q2'19,Yes,Server,nan,Yes,Yes,2,19
574,2nd Generation Intel® Xeon® Scalable Processors,4216,Products formerly Cascade Lake,16,Q2'19,Yes,Server,nan,Yes,Yes,2,19
575,Intel® Xeon® E Processor,E-2224,Products formerly Coffee Lake,4,Q2'19,Yes,Server,nan,Yes,Yes,2,19
576,Intel® Xeon® E Processor,E-2224G,Products formerly Coffee Lake,4,Q2'19,Yes,Server,nan,Yes,Yes,2,19
577,Intel® Xeon® E Processor,E-2226G,Products formerly Coffee Lake,6,Q2'19,Yes,Server,nan,Yes,Yes,2,19
578,Intel® Xeon® E Processor,E-2234,Products formerly Coffee Lake,4,Q2'19,Yes,Server,nan,Yes,Yes,2,19
579,Intel® Xeon® E Processor,E-2236,Products formerly Coffee Lake,6,Q2'19,Yes,Server,nan,Yes,Yes,2,19
580,Intel® Xeon® E Processor,E-2244G,Products formerly Coffee Lake,4,Q2'19,Yes,Server,nan,Yes,Yes,2,19
581,Intel® Xeon® E Processor,E-2246G,Products formerly Coffee Lake,6,Q2'19,Yes,Server,nan,Yes,Yes,2,19
582,Intel® Xeon® E Processor,E-2274G,Products formerly Coffee Lake,4,Q2'19,Yes,Server,nan,Yes,Yes,2,19
583,Intel® Xeon® E Processor,E-2276G,Products formerly Coffee Lake,6,Q2'19,Yes,Server,nan,Yes,Yes,2,19
584,Intel® Xeon® E Processor,E-2278G,Products formerly Coffee Lake,8,Q2'19,Yes,Server,nan,Yes,Yes,2,19
585,Intel® Xeon® E Processor,E-2286G,Products formerly Coffee Lake,6,Q2'19,Yes,Server,nan,Yes,Yes,2,19
586,Intel® Xeon® E Processor,E-2288G,Products formerly Coffee Lake,8,Q2'19,Yes,Server,nan,Yes,Yes,2,19
587,Intel® Xeon® D Processor,D-1602,Products formerly Hewitt Lake,2,Q2'19,Yes,Server,nan,Yes,Yes,2,19
588,Intel® Xeon® D Processor,D-1622,Products formerly Hewitt Lake,4,Q2'19,Yes,Server,nan,Yes,Yes,2,19
589,Intel® Xeon® D Processor,D-1623N,Products formerly Hewitt Lake,4,Q2'19,Yes,Server,nan,Yes,Yes,2,19
590,Intel® Xeon® D Processor,D-1627,Products formerly Hewitt Lake,4,Q2'19,Yes,Server,nan,Yes,Yes,2,19
591,Intel® Xeon® D Processor,D-1633N,Products formerly Hewitt Lake,6,Q2'19,Yes,Server,nan,Yes,Yes,2,19
592,Intel® Xeon® D Processor,D-1637,Products formerly Hewitt Lake,6,Q2'19,Yes,Server,nan,Yes,Yes,2,19
593,Intel® Xeon® D Processor,D-1649N,Products formerly Hewitt Lake,8,Q2'19,Yes,Server,nan,Yes,Yes,2,19
594,Intel® Xeon® D Processor,D-1653N,Products formerly Hewitt Lake,8,Q2'19,Yes,Server,nan,Yes,Yes,2,19
595,2nd Generation Intel® Xeon® Scalable Processors,3204,Products formerly Cascade Lake,6,Q2'19,Yes,Server,nan,Yes,Yes,2,19
596,2nd Generation Intel® Xeon® Scalable Processors,5215,Products formerly Cascade Lake,10,Q2'19,Yes,Server,nan,Yes,Yes,2,19
597,2nd Generation Intel® Xeon® Scalable Processors,5215L,Products formerly Cascade Lake,10,Q2'19,Yes,Server,nan,Yes,Yes,2,19
598,2nd Generation Intel® Xeon® Scalable Processors,5217,Products formerly Cascade Lake,8,Q2'19,Yes,Server,nan,Yes,Yes,2,19
599,2nd Generation Intel® Xeon® Scalable Processors,5218,Products formerly Cascade Lake,16,Q2'19,Yes,Server,nan,Yes,Yes,2,19
600,2nd Generation Intel® Xeon® Scalable Processors,5218B,Products formerly Cascade Lake,16,Q2'19,Yes,Server,nan,Yes,Yes,2,19
601,2nd Generation Intel® Xeon® Scalable Processors,5218N,Products formerly Cascade Lake,16,Q2'19,Yes,Server,nan,Yes,Yes,2,19
602,2nd Generation Intel® Xeon® Scalable Processors,5218T,Products formerly Cascade Lake,16,Q2'19,Yes,Server,nan,Yes,Yes,2,19
603,2nd Generation Intel® Xeon® Scalable Processors,5220,Products formerly Cascade Lake,18,Q2'19,Yes,Server,nan,Yes,Yes,2,19
604,2nd Generation Intel® Xeon® Scalable Processors,5220S,Products formerly Cascade Lake,18,Q2'19,Yes,Server,nan,Yes,Yes,2,19
605,2nd Generation Intel® Xeon® Scalable Processors,5220T,Products formerly Cascade Lake,18,Q2'19,Yes,Server,nan,Yes,Yes,2,19
606,2nd Generation Intel® Xeon® Scalable Processors,5222,Products formerly Cascade Lake,4,Q2'19,Yes,Server,nan,Yes,Yes,2,19
607,2nd Generation Intel® Xeon® Scalable Processors,6209U,Products formerly Cascade Lake,20,Q2'19,Yes,Server,nan,Yes,Yes,2,19
608,2nd Generation Intel® Xeon® Scalable Processors,6210U,Products formerly Cascade Lake,20,Q2'19,Yes,Server,nan,Yes,Yes,2,19
609,2nd Generation Intel® Xeon® Scalable Processors,6212U,Products formerly Cascade Lake,24,Q2'19,Yes,Server,nan,Yes,Yes,2,19
610,2nd Generation Intel® Xeon® Scalable Processors,6222V,Products formerly Cascade Lake,20,Q2'19,Yes,Server,nan,Yes,Yes,2,19
611,2nd Generation Intel® Xeon® Scalable Processors,6226,Products formerly Cascade Lake,12,Q2'19,Yes,Server,nan,Yes,Yes,2,19
612,2nd Generation Intel® Xeon® Scalable Processors,6230,Products formerly Cascade Lake,20,Q2'19,Yes,Server,nan,Yes,Yes,2,19
613,2nd Generation Intel® Xeon® Scalable Processors,6230N,Products formerly Cascade Lake,20,Q2'19,Yes,Server,nan,Yes,Yes,2,19
614,2nd Generation Intel® Xeon® Scalable Processors,6230T,Products formerly Cascade Lake,20,Q2'19,Yes,Server,nan,Yes,Yes,2,19
615,2nd Generation Intel® Xeon® Scalable Processors,6234,Products formerly Cascade Lake,8,Q2'19,Yes,Server,nan,Yes,Yes,2,19
616,2nd Generation Intel® Xeon® Scalable Processors,6238,Products formerly Cascade Lake,22,Q2'19,Yes,Server,nan,Yes,Yes,2,19
617,2nd Generation Intel® Xeon® Scalable Processors,6238L,Products formerly Cascade Lake,22,Q2'19,Yes,Server,nan,Yes,Yes,2,19
618,2nd Generation Intel® Xeon® Scalable Processors,6238T,Products formerly Cascade Lake,22,Q2'19,Yes,Server,nan,Yes,Yes,2,19
619,2nd Generation Intel® Xeon® Scalable Processors,6240,Products formerly Cascade Lake,18,Q2'19,Yes,Server,nan,Yes,Yes,2,19
620,2nd Generation Intel® Xeon® Scalable Processors,6240L,Products formerly Cascade Lake,18,Q2'19,Yes,Server,nan,Yes,Yes,2,19
621,2nd Generation Intel® Xeon® Scalable Processors,6240Y,Products formerly Cascade Lake,18,Q2'19,Yes,Server,nan,Yes,Yes,2,19
622,2nd Generation Intel® Xeon® Scalable Processors,6242,Products formerly Cascade Lake,16,Q2'19,Yes,Server,nan,Yes,Yes,2,19
623,2nd Generation Intel® Xeon® Scalable Processors,6244,Products formerly Cascade Lake,8,Q2'19,Yes,Server,nan,Yes,Yes,2,19
624,2nd Generation Intel® Xeon® Scalable Processors,6246,Products formerly Cascade Lake,12,Q2'19,Yes,Server,nan,Yes,Yes,2,19
625,2nd Generation Intel® Xeon® Scalable Processors,6248,Products formerly Cascade Lake,20,Q2'19,Yes,Server,nan,Yes,Yes,2,19
626,2nd Generation Intel® Xeon® Scalable Processors,6252,Products formerly Cascade Lake,24,Q2'19,Yes,Server,nan,Yes,Yes,2,19
627,2nd Generation Intel® Xeon® Scalable Processors,6252N,Products formerly Cascade Lake,24,Q2'19,Yes,Server,nan,Yes,Yes,2,19
628,2nd Generation Intel® Xeon® Scalable Processors,6254,Products formerly Cascade Lake,18,Q2'19,Yes,Server,nan,Yes,Yes,2,19
629,2nd Generation Intel® Xeon® Scalable Processors,6262V,Products formerly Cascade Lake,24,Q2'19,Yes,Server,nan,Yes,Yes,2,19
630,2nd Generation Intel® Xeon® Scalable Processors,8253,Products formerly Cascade Lake,16,Q2'19,Yes,Server,nan,Yes,Yes,2,19
631,2nd Generation Intel® Xeon® Scalable Processors,8256,Products formerly Cascade Lake,4,Q2'19,Yes,Server,nan,Yes,Yes,2,19
632,2nd Generation Intel® Xeon® Scalable Processors,8260,Products formerly Cascade Lake,24,Q2'19,Yes,Server,nan,Yes,Yes,2,19
633,2nd Generation Intel® Xeon® Scalable Processors,8260L,Products formerly Cascade Lake,24,Q2'19,Yes,Server,nan,Yes,Yes,2,19
634,2nd Generation Intel® Xeon® Scalable Processors,8260Y,Products formerly Cascade Lake,24,Q2'19,Yes,Server,nan,Yes,Yes,2,19
635,2nd Generation Intel® Xeon® Scalable Processors,8268,Products formerly Cascade Lake,24,Q2'19,Yes,Server,nan,Yes,Yes,2,19
636,2nd Generation Intel® Xeon® Scalable Processors,8270,Products formerly Cascade Lake,26,Q2'19,Yes,Server,nan,Yes,Yes,2,19
637,2nd Generation Intel® Xeon® Scalable Processors,8276,Products formerly Cascade Lake,28,Q2'19,Yes,Server,nan,Yes,Yes,2,19
638,2nd Generation Intel® Xeon® Scalable Processors,8276L,Products formerly Cascade Lake,28,Q2'19,Yes,Server,nan,Yes,Yes,2,19
639,2nd Generation Intel® Xeon® Scalable Processors,8280,Products formerly Cascade Lake,28,Q2'19,Yes,Server,nan,Yes,Yes,2,19
640,2nd Generation Intel® Xeon® Scalable Processors,8280L,Products formerly Cascade Lake,28,Q2'19,Yes,Server,nan,Yes,Yes,2,19
641,2nd Generation Intel® Xeon® Scalable Processors,9242,Products formerly Cascade Lake,48,Q2'19,nan,Server,nan,Yes,nan,2,19
642,2nd Generation Intel® Xeon® Scalable Processors,9282,Products formerly Cascade Lake,56,Q2'19,nan,Server,nan,Yes,nan,2,19
643,2nd Generation Intel® Xeon® Scalable Processors,4208,Products formerly Cascade Lake,8,Q2'19,Yes,Server,nan,Yes,Yes,2,19
644,2nd Generation Intel® Xeon® Scalable Processors,4209T,Products formerly Cascade Lake,8,Q2'19,Yes,Server,nan,Yes,Yes,2,19
645,2nd Generation Intel® Xeon® Scalable Processors,4210,Products formerly Cascade Lake,10,Q2'19,Yes,Server,nan,Yes,Yes,2,19
646,2nd Generation Intel® Xeon® Scalable Processors,4214,Products formerly Cascade Lake,12,Q2'19,Yes,Server,nan,Yes,Yes,2,19
647,2nd Generation Intel® Xeon® Scalable Processors,4214Y,Products formerly Cascade Lake,12,Q2'19,Yes,Server,nan,Yes,Yes,2,19
648,2nd Generation Intel® Xeon® Scalable Processors,4215,Products formerly Cascade Lake,8,Q2'19,Yes,Server,nan,Yes,Yes,2,19
649,2nd Generation Intel® Xeon® Scalable Processors,4216,Products formerly Cascade Lake,16,Q2'19,Yes,Server,nan,Yes,Yes,2,19
650,Intel® Xeon® E Processor,E-2224,Products formerly Coffee Lake,4,Q2'19,Yes,Server,nan,Yes,Yes,2,19
651,Intel® Xeon® E Processor,E-2224G,Products formerly Coffee Lake,4,Q2'19,Yes,Server,nan,Yes,Yes,2,19
652,Intel® Xeon® E Processor,E-2226G,Products formerly Coffee Lake,6,Q2'19,Yes,Server,nan,Yes,Yes,2,19
653,Intel® Xeon® E Processor,E-2234,Products formerly Coffee Lake,4,Q2'19,Yes,Server,nan,Yes,Yes,2,19
654,Intel® Xeon® E Processor,E-2236,Products formerly Coffee Lake,6,Q2'19,Yes,Server,nan,Yes,Yes,2,19
655,Intel® Xeon® E Processor,E-2244G,Products formerly Coffee Lake,4,Q2'19,Yes,Server,nan,Yes,Yes,2,19
656,Intel® Xeon® E Processor,E-2246G,Products formerly Coffee Lake,6,Q2'19,Yes,Server,nan,Yes,Yes,2,19
657,Intel® Xeon® E Processor,E-2274G,Products formerly Coffee Lake,4,Q2'19,Yes,Server,nan,Yes,Yes,2,19
658,Intel® Xeon® E Processor,E-2276G,Products formerly Coffee Lake,6,Q2'19,Yes,Server,nan,Yes,Yes,2,19
659,Intel® Xeon® E Processor,E-2278G,Products formerly Coffee Lake,8,Q2'19,Yes,Server,nan,Yes,Yes,2,19
660,Intel® Xeon® E Processor,E-2286G,Products formerly Coffee Lake,6,Q2'19,Yes,Server,nan,Yes,Yes,2,19
661,Intel® Xeon® E Processor,E-2288G,Products formerly Coffee Lake,8,Q2'19,Yes,Server,nan,Yes,Yes,2,19
662,Intel® Xeon® D Processor,D-1602,Products formerly Hewitt Lake,2,Q2'19,Yes,Server,nan,Yes,Yes,2,19
663,Intel® Xeon® D Processor,D-1622,Products formerly Hewitt Lake,4,Q2'19,Yes,Server,nan,Yes,Yes,2,19
664,Intel® Xeon® D Processor,D-1623N,Products formerly Hewitt Lake,4,Q2'19,Yes,Server,nan,Yes,Yes,2,19
665,Intel® Xeon® D Processor,D-1627,Products formerly Hewitt Lake,4,Q2'19,Yes,Server,nan,Yes,Yes,2,19
666,Intel® Xeon® D Processor,D-1633N,Products formerly Hewitt Lake,6,Q2'19,Yes,Server,nan,Yes,Yes,2,19
667,Intel® Xeon® D Processor,D-1637,Products formerly Hewitt Lake,6,Q2'19,Yes,Server,nan,Yes,Yes,2,19
668,Intel® Xeon® D Processor,D-1649N,Products formerly Hewitt Lake,8,Q2'19,Yes,Server,nan,Yes,Yes,2,19
669,Intel® Xeon® D Processor,D-1653N,Products formerly Hewitt Lake,8,Q2'19,Yes,Server,nan,Yes,Yes,2,19
670,Intel® Xeon® D Processor,D-1524N,Products formerly Broadwell,4,Q4'18,nan,Server,nan,Yes,nan,4,18
671,Intel® Xeon® D Processor,D-1524N,Products formerly Broadwell,4,Q4'18,nan,Server,nan,Yes,nan,4,18
672,Intel® Xeon® E Processor,E-2124,Products formerly Coffee Lake,4,Q3'18,Yes,Server,nan,Yes,Yes,3,18
673,Intel® Xeon® E Processor,E-2124G,Products formerly Coffee Lake,4,Q3'18,Yes,Server,nan,Yes,Yes,3,18
674,Intel® Xeon® E Processor,E-2126G,Products formerly Coffee Lake,6,Q3'18,Yes,Server,nan,Yes,Yes,3,18
675,Intel® Xeon® E Processor,E-2134,Products formerly Coffee Lake,4,Q3'18,Yes,Server,nan,Yes,Yes,3,18
676,Intel® Xeon® E Processor,E-2136,Products formerly Coffee Lake,6,Q3'18,Yes,Server,nan,Yes,Yes,3,18
677,Intel® Xeon® E Processor,E-2144G,Products formerly Coffee Lake,4,Q3'18,Yes,Server,nan,Yes,Yes,3,18
678,Intel® Xeon® E Processor,E-2146G,Products formerly Coffee Lake,6,Q3'18,Yes,Server,nan,Yes,Yes,3,18
679,Intel® Xeon® E Processor,E-2174G,Products formerly Coffee Lake,4,Q3'18,Yes,Server,nan,Yes,Yes,3,18
680,Intel® Xeon® E Processor,E-2186G,Products formerly Coffee Lake,6,Q3'18,Yes,Server,nan,Yes,Yes,3,18
681,Intel Atom® Processor C Series,C3336,Products formerly Denverton,2,Q3'18,Yes,Server,nan,Yes,Yes,3,18
682,Intel® Xeon® E Processor,E-2124,Products formerly Coffee Lake,4,Q3'18,Yes,Server,nan,Yes,Yes,3,18
683,Intel® Xeon® E Processor,E-2124G,Products formerly Coffee Lake,4,Q3'18,Yes,Server,nan,Yes,Yes,3,18
684,Intel® Xeon® E Processor,E-2126G,Products formerly Coffee Lake,6,Q3'18,Yes,Server,nan,Yes,Yes,3,18
685,Intel® Xeon® E Processor,E-2134,Products formerly Coffee Lake,4,Q3'18,Yes,Server,nan,Yes,Yes,3,18
686,Intel® Xeon® E Processor,E-2136,Products formerly Coffee Lake,6,Q3'18,Yes,Server,nan,Yes,Yes,3,18
687,Intel® Xeon® E Processor,E-2144G,Products formerly Coffee Lake,4,Q3'18,Yes,Server,nan,Yes,Yes,3,18
688,Intel® Xeon® E Processor,E-2146G,Products formerly Coffee Lake,6,Q3'18,Yes,Server,nan,Yes,Yes,3,18
689,Intel® Xeon® E Processor,E-2174G,Products formerly Coffee Lake,4,Q3'18,Yes,Server,nan,Yes,Yes,3,18
690,Intel® Xeon® E Processor,E-2186G,Products formerly Coffee Lake,6,Q3'18,Yes,Server,nan,Yes,Yes,3,18
691,Intel Atom® Processor C Series,C3336,Products formerly Denverton,2,Q3'18,Yes,Server,nan,Yes,Yes,3,18
692,Intel® Xeon® Scalable Processors,6138P,Products formerly Skylake,20,Q2'18,Yes,Server,nan,Yes,Yes,2,18
693,Intel® Xeon® Scalable Processors,6138P,Products formerly Skylake,20,Q2'18,Yes,Server,nan,Yes,Yes,2,18
694,Intel® Xeon® D Processor,D-2123IT,Products formerly Skylake,4,Q1'18,Yes,Server,nan,Yes,Yes,1,18
695,Intel® Xeon® D Processor,D-2141I,Products formerly Skylake,8,Q1'18,Yes,Server,nan,Yes,Yes,1,18
696,Intel® Xeon® D Processor,D-2142IT,Products formerly Skylake,8,Q1'18,Yes,Server,nan,Yes,Yes,1,18
697,Intel® Xeon® D Processor,D-2143IT,Products formerly Skylake,8,Q1'18,Yes,Server,nan,Yes,Yes,1,18
698,Intel® Xeon® D Processor,D-2145NT,Products formerly Skylake,8,Q1'18,Yes,Server,nan,Yes,Yes,1,18
699,Intel® Xeon® D Processor,D-2146NT,Products formerly Skylake,8,Q1'18,Yes,Server,nan,Yes,Yes,1,18
700,Intel® Xeon® D Processor,D-2161I,Products formerly Skylake,12,Q1'18,Yes,Server,nan,Yes,Yes,1,18
701,Intel® Xeon® D Processor,D-2163IT,Products formerly Skylake,12,Q1'18,Yes,Server,nan,Yes,Yes,1,18
702,Intel® Xeon® D Processor,D-2166NT,Products formerly Skylake,12,Q1'18,Yes,Server,nan,Yes,Yes,1,18
703,Intel® Xeon® D Processor,D-2173IT,Products formerly Skylake,14,Q1'18,Yes,Server,nan,Yes,Yes,1,18
704,Intel® Xeon® D Processor,D-2177NT,Products formerly Skylake,14,Q1'18,Yes,Server,nan,Yes,Yes,1,18
705,Intel® Xeon® D Processor,D-2183IT,Products formerly Skylake,16,Q1'18,Yes,Server,nan,Yes,Yes,1,18
706,Intel® Xeon® D Processor,D-2187NT,Products formerly Skylake,16,Q1'18,Yes,Server,nan,Yes,Yes,1,18
707,Intel® Xeon® D Processor,D-2123IT,Products formerly Skylake,4,Q1'18,Yes,Server,nan,Yes,Yes,1,18
708,Intel® Xeon® D Processor,D-2141I,Products formerly Skylake,8,Q1'18,Yes,Server,nan,Yes,Yes,1,18
709,Intel® Xeon® D Processor,D-2142IT,Products formerly Skylake,8,Q1'18,Yes,Server,nan,Yes,Yes,1,18
710,Intel® Xeon® D Processor,D-2143IT,Products formerly Skylake,8,Q1'18,Yes,Server,nan,Yes,Yes,1,18
711,Intel® Xeon® D Processor,D-2145NT,Products formerly Skylake,8,Q1'18,Yes,Server,nan,Yes,Yes,1,18
712,Intel® Xeon® D Processor,D-2146NT,Products formerly Skylake,8,Q1'18,Yes,Server,nan,Yes,Yes,1,18
713,Intel® Xeon® D Processor,D-2161I,Products formerly Skylake,12,Q1'18,Yes,Server,nan,Yes,Yes,1,18
714,Intel® Xeon® D Processor,D-2163IT,Products formerly Skylake,12,Q1'18,Yes,Server,nan,Yes,Yes,1,18
715,Intel® Xeon® D Processor,D-2166NT,Products formerly Skylake,12,Q1'18,Yes,Server,nan,Yes,Yes,1,18
716,Intel® Xeon® D Processor,D-2173IT,Products formerly Skylake,14,Q1'18,Yes,Server,nan,Yes,Yes,1,18
717,Intel® Xeon® D Processor,D-2177NT,Products formerly Skylake,14,Q1'18,Yes,Server,nan,Yes,Yes,1,18
718,Intel® Xeon® D Processor,D-2183IT,Products formerly Skylake,16,Q1'18,Yes,Server,nan,Yes,Yes,1,18
719,Intel® Xeon® D Processor,D-2187NT,Products formerly Skylake,16,Q1'18,Yes,Server,nan,Yes,Yes,1,18
720,Intel® Xeon® E Processor,E-2176G,Products formerly Coffee Lake,6,Q4'17,Yes,Server,nan,Yes,Yes,4,17
721,Intel® Xeon® E Processor,E-2176G,Products formerly Coffee Lake,6,Q4'17,Yes,Server,nan,Yes,Yes,4,17
722,Intel® Xeon® Scalable Processors,3104,Products formerly Skylake,6,Q3'17,Yes,Server,nan,Yes,Yes,3,17
723,Intel® Xeon® Scalable Processors,3106,Products formerly Skylake,8,Q3'17,Yes,Server,nan,Yes,Yes,3,17
724,Intel® Xeon® Scalable Processors,5115,Products formerly Skylake,10,Q3'17,Yes,Server,nan,Yes,Yes,3,17
725,Intel® Xeon® Scalable Processors,5118,Products formerly Skylake,12,Q3'17,Yes,Server,nan,Yes,Yes,3,17
726,Intel® Xeon® Scalable Processors,5119T,Products formerly Skylake,14,Q3'17,Yes,Server,nan,Yes,Yes,3,17
727,Intel® Xeon® Scalable Processors,5120,Products formerly Skylake,14,Q3'17,Yes,Server,nan,Yes,Yes,3,17
728,Intel® Xeon® Scalable Processors,5120T,Products formerly Skylake,14,Q3'17,Yes,Server,nan,Yes,Yes,3,17
729,Intel® Xeon® Scalable Processors,5122,Products formerly Skylake,4,Q3'17,Yes,Server,nan,Yes,Yes,3,17
730,Intel® Xeon® Scalable Processors,6126,Products formerly Skylake,12,Q3'17,Yes,Server,nan,Yes,Yes,3,17
731,Intel® Xeon® Scalable Processors,6126F,Products formerly Skylake,12,Q3'17,Yes,Server,nan,Yes,Yes,3,17
732,Intel® Xeon® Scalable Processors,6126T,Products formerly Skylake,12,Q3'17,Yes,Server,nan,Yes,Yes,3,17
733,Intel® Xeon® Scalable Processors,6128,Products formerly Skylake,6,Q3'17,Yes,Server,nan,Yes,Yes,3,17
734,Intel® Xeon® Scalable Processors,6130,Products formerly Skylake,16,Q3'17,Yes,Server,nan,Yes,Yes,3,17
735,Intel® Xeon® Scalable Processors,6130F,Products formerly Skylake,16,Q3'17,Yes,Server,nan,Yes,Yes,3,17
736,Intel® Xeon® Scalable Processors,6130T,Products formerly Skylake,16,Q3'17,Yes,Server,nan,Yes,Yes,3,17
737,Intel® Xeon® Scalable Processors,6132,Products formerly Skylake,14,Q3'17,Yes,Server,nan,Yes,Yes,3,17
738,Intel® Xeon® Scalable Processors,6134,Products formerly Skylake,8,Q3'17,Yes,Server,nan,Yes,Yes,3,17
739,Intel® Xeon® Scalable Processors,6136,Products formerly Skylake,12,Q3'17,Yes,Server,nan,Yes,Yes,3,17
740,Intel® Xeon® Scalable Processors,6138,Products formerly Skylake,20,Q3'17,Yes,Server,nan,Yes,Yes,3,17
741,Intel® Xeon® Scalable Processors,6138F,Products formerly Skylake,20,Q3'17,Yes,Server,nan,Yes,Yes,3,17
742,Intel® Xeon® Scalable Processors,6138T,Products formerly Skylake,20,Q3'17,Yes,Server,nan,Yes,Yes,3,17
743,Intel® Xeon® Scalable Processors,6140,Products formerly Skylake,18,Q3'17,Yes,Server,nan,Yes,Yes,3,17
744,Intel® Xeon® Scalable Processors,6142,Products formerly Skylake,16,Q3'17,Yes,Server,nan,Yes,Yes,3,17
745,Intel® Xeon® Scalable Processors,6142F,Products formerly Skylake,16,Q3'17,Yes,Server,nan,Yes,Yes,3,17
746,Intel® Xeon® Scalable Processors,6144,Products formerly Skylake,8,Q3'17,Yes,Server,nan,Yes,Yes,3,17
747,Intel® Xeon® Scalable Processors,6146,Products formerly Skylake,12,Q3'17,Yes,Server,nan,Yes,Yes,3,17
748,Intel® Xeon® Scalable Processors,6148,Products formerly Skylake,20,Q3'17,Yes,Server,nan,Yes,Yes,3,17
749,Intel® Xeon® Scalable Processors,6148F,Products formerly Skylake,20,Q3'17,Yes,Server,nan,Yes,Yes,3,17
750,Intel® Xeon® Scalable Processors,6150,Products formerly Skylake,18,Q3'17,Yes,Server,nan,Yes,Yes,3,17
751,Intel® Xeon® Scalable Processors,6152,Products formerly Skylake,22,Q3'17,Yes,Server,nan,Yes,Yes,3,17
752,Intel® Xeon® Scalable Processors,6154,Products formerly Skylake,18,Q3'17,Yes,Server,nan,Yes,Yes,3,17
753,Intel® Xeon® Scalable Processors,8153,Products formerly Skylake,16,Q3'17,Yes,Server,nan,Yes,Yes,3,17
754,Intel® Xeon® Scalable Processors,8156,Products formerly Skylake,4,Q3'17,Yes,Server,nan,Yes,Yes,3,17
755,Intel® Xeon® Scalable Processors,8158,Products formerly Skylake,12,Q3'17,Yes,Server,nan,Yes,Yes,3,17
756,Intel® Xeon® Scalable Processors,8160,Products formerly Skylake,24,Q3'17,Yes,Server,nan,Yes,Yes,3,17
757,Intel® Xeon® Scalable Processors,8160F,Products formerly Skylake,24,Q3'17,Yes,Server,nan,Yes,Yes,3,17
758,Intel® Xeon® Scalable Processors,8160T,Products formerly Skylake,24,Q3'17,Yes,Server,nan,Yes,Yes,3,17
759,Intel® Xeon® Scalable Processors,8164,Products formerly Skylake,26,Q3'17,Yes,Server,nan,Yes,Yes,3,17
760,Intel® Xeon® Scalable Processors,8168,Products formerly Skylake,24,Q3'17,Yes,Server,nan,Yes,Yes,3,17
761,Intel® Xeon® Scalable Processors,8170,Products formerly Skylake,26,Q3'17,Yes,Server,nan,Yes,Yes,3,17
762,Intel® Xeon® Scalable Processors,8176,Products formerly Skylake,28,Q3'17,Yes,Server,nan,Yes,Yes,3,17
763,Intel® Xeon® Scalable Processors,8176F,Products formerly Skylake,28,Q3'17,Yes,Server,nan,Yes,Yes,3,17
764,Intel® Xeon® Scalable Processors,8180,Products formerly Skylake,28,Q3'17,Yes,Server,nan,Yes,Yes,3,17
765,Intel® Xeon® Scalable Processors,4108,Products formerly Skylake,8,Q3'17,Yes,Server,nan,Yes,Yes,3,17
766,Intel® Xeon® Scalable Processors,4109T,Products formerly Skylake,8,Q3'17,Yes,Server,nan,Yes,Yes,3,17
767,Intel® Xeon® Scalable Processors,4110,Products formerly Skylake,8,Q3'17,Yes,Server,nan,Yes,Yes,3,17
768,Intel® Xeon® Scalable Processors,4112,Products formerly Skylake,4,Q3'17,Yes,Server,nan,Yes,Yes,3,17
769,Intel® Xeon® Scalable Processors,4114,Products formerly Skylake,10,Q3'17,Yes,Server,nan,Yes,Yes,3,17
770,Intel® Xeon® Scalable Processors,4114T,Products formerly Skylake,10,Q3'17,Yes,Server,nan,Yes,Yes,3,17
771,Intel® Xeon® Scalable Processors,4116,Products formerly Skylake,12,Q3'17,Yes,Server,nan,Yes,Yes,3,17
772,Intel® Xeon® Scalable Processors,4116T,Products formerly Skylake,12,Q3'17,Yes,Server,nan,Yes,Yes,3,17
773,Intel® Xeon® W Processor,W-2123,Products formerly Skylake,4,Q3'17,Yes,Server,nan,Yes,Yes,3,17
774,Intel® Xeon® W Processor,W-2125,Products formerly Skylake,4,Q3'17,Yes,Server,nan,Yes,Yes,3,17
775,Intel® Xeon® W Processor,W-2133,Products formerly Skylake,6,Q3'17,Yes,Server,nan,Yes,Yes,3,17
776,Intel® Xeon® W Processor,W-2135,Products formerly Skylake,6,Q3'17,Yes,Server,nan,Yes,Yes,3,17
777,Intel® Xeon® W Processor,W-2145,Products formerly Skylake,8,Q3'17,Yes,Server,nan,Yes,Yes,3,17
778,Intel® Xeon® W Processor,W-2155,Products formerly Skylake,10,Q3'17,Yes,Server,nan,Yes,Yes,3,17
779,Intel® Xeon® W Processor,W-2175,Products formerly Skylake,14,Q3'17,Yes,Server,nan,Yes,Yes,3,17
780,Intel® Xeon® W Processor,W-2195,Products formerly Skylake,18,Q3'17,Yes,Server,nan,Yes,Yes,3,17
781,Intel® Xeon® D Processor,D-1513N,Products formerly Broadwell,4,Q3'17,Yes,Server,nan,Yes,Yes,3,17
782,Intel® Xeon® D Processor,D-1523N,Products formerly Broadwell,4,Q3'17,Yes,Server,nan,Yes,Yes,3,17
783,Intel® Xeon® D Processor,D-1533N,Products formerly Broadwell,6,Q3'17,Yes,Server,nan,Yes,Yes,3,17
784,Intel® Xeon® D Processor,D-1543N,Products formerly Broadwell,8,Q3'17,Yes,Server,nan,Yes,Yes,3,17
785,Intel® Xeon® D Processor,D-1553N,Products formerly Broadwell,8,Q3'17,Yes,Server,nan,Yes,Yes,3,17
786,Intel® Xeon® Processor E3 v6 Family,E3-1285V6,Products formerly Kaby Lake,4,Q3'17,Yes,Server,nan,Yes,Yes,3,17
787,Intel Atom® Processor C Series,C3308,Products formerly Denverton,2,Q3'17,Yes,Server,nan,Yes,Yes,3,17
788,Intel Atom® Processor C Series,C3508,Products formerly Denverton,4,Q3'17,Yes,Server,nan,Yes,Yes,3,17
789,Intel Atom® Processor C Series,C3538,Products formerly Denverton,4,Q3'17,Yes,Server,nan,Yes,Yes,3,17
790,Intel Atom® Processor C Series,C3558,Products formerly Denverton,4,Q3'17,Yes,Server,nan,Yes,Yes,3,17
791,Intel Atom® Processor C Series,C3708,Products formerly Denverton,8,Q3'17,Yes,Server,nan,Yes,Yes,3,17
792,Intel Atom® Processor C Series,C3750,Products formerly Denverton,8,Q3'17,Yes,Server,nan,Yes,Yes,3,17
793,Intel Atom® Processor C Series,C3758,Products formerly Denverton,8,Q3'17,Yes,Server,nan,Yes,Yes,3,17
794,Intel Atom® Processor C Series,C3808,Products formerly Denverton,12,Q3'17,Yes,Server,nan,Yes,Yes,3,17
795,Intel Atom® Processor C Series,C3830,Products formerly Denverton,12,Q3'17,Yes,Server,nan,Yes,Yes,3,17
796,Intel Atom® Processor C Series,C3850,Products formerly Denverton,12,Q3'17,Yes,Server,nan,Yes,Yes,3,17
797,Intel Atom® Processor C Series,C3858,Products formerly Denverton,12,Q3'17,Yes,Server,nan,Yes,Yes,3,17
798,Intel Atom® Processor C Series,C3950,Products formerly Denverton,16,Q3'17,Yes,Server,nan,Yes,Yes,3,17
799,Intel Atom® Processor C Series,C3955,Products formerly Denverton,16,Q3'17,Yes,Server,nan,Yes,Yes,3,17
800,Intel Atom® Processor C Series,C3958,Products formerly Denverton,16,Q3'17,Yes,Server,nan,Yes,Yes,3,17
801,Intel® Xeon® Scalable Processors,3104,Products formerly Skylake,6,Q3'17,Yes,Server,nan,Yes,Yes,3,17
802,Intel® Xeon® Scalable Processors,3106,Products formerly Skylake,8,Q3'17,Yes,Server,nan,Yes,Yes,3,17
803,Intel® Xeon® Scalable Processors,5115,Products formerly Skylake,10,Q3'17,Yes,Server,nan,Yes,Yes,3,17
804,Intel® Xeon® Scalable Processors,5118,Products formerly Skylake,12,Q3'17,Yes,Server,nan,Yes,Yes,3,17
805,Intel® Xeon® Scalable Processors,5119T,Products formerly Skylake,14,Q3'17,Yes,Server,nan,Yes,Yes,3,17
806,Intel® Xeon® Scalable Processors,5120,Products formerly Skylake,14,Q3'17,Yes,Server,nan,Yes,Yes,3,17
807,Intel® Xeon® Scalable Processors,5120T,Products formerly Skylake,14,Q3'17,Yes,Server,nan,Yes,Yes,3,17
808,Intel® Xeon® Scalable Processors,5122,Products formerly Skylake,4,Q3'17,Yes,Server,nan,Yes,Yes,3,17
809,Intel® Xeon® Scalable Processors,6126,Products formerly Skylake,12,Q3'17,Yes,Server,nan,Yes,Yes,3,17
810,Intel® Xeon® Scalable Processors,6126F,Products formerly Skylake,12,Q3'17,Yes,Server,nan,Yes,Yes,3,17
811,Intel® Xeon® Scalable Processors,6126T,Products formerly Skylake,12,Q3'17,Yes,Server,nan,Yes,Yes,3,17
812,Intel® Xeon® Scalable Processors,6128,Products formerly Skylake,6,Q3'17,Yes,Server,nan,Yes,Yes,3,17
813,Intel® Xeon® Scalable Processors,6130,Products formerly Skylake,16,Q3'17,Yes,Server,nan,Yes,Yes,3,17
814,Intel® Xeon® Scalable Processors,6130F,Products formerly Skylake,16,Q3'17,Yes,Server,nan,Yes,Yes,3,17
815,Intel® Xeon® Scalable Processors,6130T,Products formerly Skylake,16,Q3'17,Yes,Server,nan,Yes,Yes,3,17
816,Intel® Xeon® Scalable Processors,6132,Products formerly Skylake,14,Q3'17,Yes,Server,nan,Yes,Yes,3,17
817,Intel® Xeon® Scalable Processors,6134,Products formerly Skylake,8,Q3'17,Yes,Server,nan,Yes,Yes,3,17
818,Intel® Xeon® Scalable Processors,6136,Products formerly Skylake,12,Q3'17,Yes,Server,nan,Yes,Yes,3,17
819,Intel® Xeon® Scalable Processors,6138,Products formerly Skylake,20,Q3'17,Yes,Server,nan,Yes,Yes,3,17
820,Intel® Xeon® Scalable Processors,6138F,Products formerly Skylake,20,Q3'17,Yes,Server,nan,Yes,Yes,3,17
821,Intel® Xeon® Scalable Processors,6138T,Products formerly Skylake,20,Q3'17,Yes,Server,nan,Yes,Yes,3,17
822,Intel® Xeon® Scalable Processors,6140,Products formerly Skylake,18,Q3'17,Yes,Server,nan,Yes,Yes,3,17
823,Intel® Xeon® Scalable Processors,6142,Products formerly Skylake,16,Q3'17,Yes,Server,nan,Yes,Yes,3,17
824,Intel® Xeon® Scalable Processors,6142F,Products formerly Skylake,16,Q3'17,Yes,Server,nan,Yes,Yes,3,17
825,Intel® Xeon® Scalable Processors,6144,Products formerly Skylake,8,Q3'17,Yes,Server,nan,Yes,Yes,3,17
826,Intel® Xeon® Scalable Processors,6146,Products formerly Skylake,12,Q3'17,Yes,Server,nan,Yes,Yes,3,17
827,Intel® Xeon® Scalable Processors,6148,Products formerly Skylake,20,Q3'17,Yes,Server,nan,Yes,Yes,3,17
828,Intel® Xeon® Scalable Processors,6148F,Products formerly Skylake,20,Q3'17,Yes,Server,nan,Yes,Yes,3,17
829,Intel® Xeon® Scalable Processors,6150,Products formerly Skylake,18,Q3'17,Yes,Server,nan,Yes,Yes,3,17
830,Intel® Xeon® Scalable Processors,6152,Products formerly Skylake,22,Q3'17,Yes,Server,nan,Yes,Yes,3,17
831,Intel® Xeon® Scalable Processors,6154,Products formerly Skylake,18,Q3'17,Yes,Server,nan,Yes,Yes,3,17
832,Intel® Xeon® Scalable Processors,8153,Products formerly Skylake,16,Q3'17,Yes,Server,nan,Yes,Yes,3,17
833,Intel® Xeon® Scalable Processors,8156,Products formerly Skylake,4,Q3'17,Yes,Server,nan,Yes,Yes,3,17
834,Intel® Xeon® Scalable Processors,8158,Products formerly Skylake,12,Q3'17,Yes,Server,nan,Yes,Yes,3,17
835,Intel® Xeon® Scalable Processors,8160,Products formerly Skylake,24,Q3'17,Yes,Server,nan,Yes,Yes,3,17
836,Intel® Xeon® Scalable Processors,8160F,Products formerly Skylake,24,Q3'17,Yes,Server,nan,Yes,Yes,3,17
837,Intel® Xeon® Scalable Processors,8160T,Products formerly Skylake,24,Q3'17,Yes,Server,nan,Yes,Yes,3,17
838,Intel® Xeon® Scalable Processors,8164,Products formerly Skylake,26,Q3'17,Yes,Server,nan,Yes,Yes,3,17
839,Intel® Xeon® Scalable Processors,8168,Products formerly Skylake,24,Q3'17,Yes,Server,nan,Yes,Yes,3,17
840,Intel® Xeon® Scalable Processors,8170,Products formerly Skylake,26,Q3'17,Yes,Server,nan,Yes,Yes,3,17
841,Intel® Xeon® Scalable Processors,8176,Products formerly Skylake,28,Q3'17,Yes,Server,nan,Yes,Yes,3,17
842,Intel® Xeon® Scalable Processors,8176F,Products formerly Skylake,28,Q3'17,Yes,Server,nan,Yes,Yes,3,17
843,Intel® Xeon® Scalable Processors,8180,Products formerly Skylake,28,Q3'17,Yes,Server,nan,Yes,Yes,3,17
844,Intel® Xeon® Scalable Processors,4108,Products formerly Skylake,8,Q3'17,Yes,Server,nan,Yes,Yes,3,17
845,Intel® Xeon® Scalable Processors,4109T,Products formerly Skylake,8,Q3'17,Yes,Server,nan,Yes,Yes,3,17
846,Intel® Xeon® Scalable Processors,4110,Products formerly Skylake,8,Q3'17,Yes,Server,nan,Yes,Yes,3,17
847,Intel® Xeon® Scalable Processors,4112,Products formerly Skylake,4,Q3'17,Yes,Server,nan,Yes,Yes,3,17
848,Intel® Xeon® Scalable Processors,4114,Products formerly Skylake,10,Q3'17,Yes,Server,nan,Yes,Yes,3,17
849,Intel® Xeon® Scalable Processors,4114T,Products formerly Skylake,10,Q3'17,Yes,Server,nan,Yes,Yes,3,17
850,Intel® Xeon® Scalable Processors,4116,Products formerly Skylake,12,Q3'17,Yes,Server,nan,Yes,Yes,3,17
851,Intel® Xeon® Scalable Processors,4116T,Products formerly Skylake,12,Q3'17,Yes,Server,nan,Yes,Yes,3,17
